Date,Price,Open,High,Low,Vol
3/1/2017,11235.8,10642.5,11235.8,10642.5,6230000
4/1/2017,11458.3,11347.1,11643.7,11347.1,5880000
5/1/2017,11421.2,11384.1,11643.7,11272.9,2500000
6/1/2017,11680.8,11272.9,11903.3,11272.9,7970000
9/1/2017,12014.5,11717.9,12162.9,11717.9,7750000
10/1/2017,11940.4,11940.4,12014.5,11829.1,3110000
11/1/2017,12311.2,12014.5,12311.2,11903.3,9170000
12/1/2017,12237,12311.2,12311.2,12162.9,4450000
13/01/2017,12051.6,12237,12274.1,11977.5,4290000
16/01/2017,11717.9,12051.6,12088.7,11717.9,3450000
17/01/2017,12459.5,11940.4,12496.6,11829.1,8220000
18/01/2017,12199.9,12459.5,12830.3,12199.9,6950000
19/01/2017,12199.9,12125.8,12348.3,12088.7,2510000
20/01/2017,12348.3,12237,12533.7,12162.9,4060000
23/01/2017,12496.6,12385.4,12607.9,12311.2,4290000
24/01/2017,12607.9,12496.6,12719.1,12496.6,3940000
25/01/2017,12533.7,12607.9,12607.9,12237,3050000
2/2/2017,12756.2,12533.7,12756.2,12348.3,3810000
3/2/2017,12756.2,12756.2,13015.8,12644.9,5100000
6/2/2017,12756.2,12756.2,12904.5,12607.9,3640000
7/2/2017,12682,12644.9,12867.4,12570.8,4470000
8/2/2017,12607.9,12682,12756.2,12496.6,4670000
9/2/2017,12496.6,12607.9,12719.1,12496.6,4900000
10/2/2017,12682,12496.6,12719.1,12459.5,4880000
13/02/2017,12496.6,12682,12719.1,12496.6,2960000
14/02/2017,12607.9,12533.7,12644.9,12496.6,4340000
15/02/2017,12867.4,12570.8,12904.5,12496.6,4860000
16/02/2017,12607.9,12793.3,12941.6,12607.9,5290000
17/02/2017,12533.7,12533.7,12644.9,12422.4,2910000
20/02/2017,12311.2,12459.5,12496.6,12237,5430000
21/02/2017,12385.4,12348.3,12496.6,12348.3,4360000
22/02/2017,12311.2,12422.4,12459.5,12237,2550000
23/02/2017,12348.3,12311.2,12385.4,12125.8,2410000
24/02/2017,12348.3,12237,12459.5,12237,3420000
27/02/2017,12385.4,12237,12385.4,12199.9,1630000
28/02/2017,12199.9,12348.3,12385.4,12162.9,1730000
1/3/2017,12088.7,12199.9,12199.9,11940.4,3740000
2/3/2017,11903.3,12162.9,12237,11903.3,2970000
3/3/2017,12162.9,11940.4,12162.9,11717.9,4140000
6/3/2017,12311.2,12311.2,12385.4,12162.9,3350000
7/3/2017,12237,12311.2,12311.2,12162.9,1550000
8/3/2017,12311.2,12162.9,12422.4,12088.7,2630000
9/3/2017,12459.5,12311.2,12570.8,12274.1,5830000
10/3/2017,12274.1,12533.7,12533.7,12274.1,2780000
13/03/2017,12237,12237,12274.1,12088.7,1730000
14/03/2017,12162.9,12125.8,12237,12088.7,2760000
15/03/2017,12199.9,12088.7,12199.9,12051.6,1480000
16/03/2017,12125.8,12199.9,12274.1,12051.6,2340000
17/03/2017,12385.4,12125.8,12422.4,12088.7,5840000
20/03/2017,12422.4,12385.4,12459.5,12199.9,3790000
21/03/2017,12904.5,12459.5,12904.5,12459.5,12590000
22/03/2017,12904.5,12904.5,13089.9,12830.3,11720000
23/03/2017,12941.6,12904.5,13089.9,12756.2,4350000
24/03/2017,13275.3,13089.9,13275.3,12904.5,10370000
27/03/2017,13164.1,13349.5,13460.7,13089.9,9070000
28/03/2017,12904.5,13052.8,13201.2,12904.5,3940000
29/03/2017,12904.5,12941.6,12941.6,12682,5070000
30/03/2017,13164.1,12904.5,13238.2,12867.4,6880000
31/03/2017,13015.8,13164.1,13164.1,12904.5,3020000
3/4/2017,12719.1,12941.6,13015.8,12719.1,3830000
4/4/2017,12756.2,12830.3,12941.6,12644.9,3980000
5/4/2017,12719.1,12756.2,12867.4,12682,4100000
7/4/2017,12682,12682,12793.3,12459.5,5110000
10/4/2017,12607.9,12756.2,12793.3,12607.9,4040000
11/4/2017,12607.9,12607.9,12644.9,12422.4,4120000
12/4/2017,12607.9,12607.9,12756.2,12459.5,4120000
13/04/2017,12533.7,12533.7,12682,12459.5,5050000
14/04/2017,12644.9,12385.4,12644.9,12199.9,5140000
17/04/2017,12162.9,12607.9,12644.9,12162.9,3320000
18/04/2017,12237,12162.9,12237,12014.5,4270000
19/04/2017,12088.7,12237,12237,12088.7,2770000
20/04/2017,12311.2,12088.7,12533.7,11977.5,4120000
21/04/2017,12274.1,12422.4,12533.7,12237,2920000
24/04/2017,12125.8,12237,12311.2,12088.7,1150000
25/04/2017,12125.8,12162.9,12237,12014.5,2570000
26/04/2017,12237,12088.7,12422.4,11977.5,3890000
27/04/2017,12311.2,12237,12385.4,12199.9,1640000
28/04/2017,12311.2,12088.7,12385.4,12088.7,5100000
3/5/2017,12311.2,12311.2,12459.5,12237,2680000
4/5/2017,12459.5,12311.2,12644.9,12199.9,4530000
5/5/2017,12274.1,12459.5,12459.5,12162.9,3220000
8/5/2017,12237,12348.3,12348.3,12088.7,3460000
9/5/2017,12311.2,12162.9,12385.4,12125.8,4260000
10/5/2017,12682,12311.2,12830.3,12311.2,7800000
11/5/2017,12607.9,12682,12793.3,12607.9,4320000
12/5/2017,12570.8,12607.9,12830.3,12533.7,4070000
15/05/2017,12533.7,12533.7,12570.8,12385.4,3890000
16/05/2017,12533.7,12607.9,12644.9,12385.4,4470000
17/05/2017,12385.4,12459.5,12533.7,12348.3,2880000
18/05/2017,12459.5,12385.4,12644.9,12348.3,4110000
19/05/2017,12756.2,12496.6,12756.2,12422.4,6780000
22/05/2017,13646.1,12904.5,13646.1,12904.5,19750000
23/05/2017,13757.4,13646.1,14202.4,13460.7,12710000
24/05/2017,14276.5,13683.2,14350.7,13572,12100000
25/05/2017,14165.3,14276.5,14610.3,14091.1,10770000
26/05/2017,14461.9,14091.1,14461.9,14091.1,8380000
29/05/2017,14091.1,14461.9,14684.4,14017,8600000
30/05/2017,13609.1,14017,14239.5,13609.1,9460000
31/05/2017,13683.2,13609.1,13794.5,13460.7,5870000
1/6/2017,13572,13720.3,13831.6,13572,4000000
2/6/2017,13534.9,13572,13646.1,13312.4,6340000
5/6/2017,13868.6,13720.3,13942.8,13646.1,3990000
6/6/2017,14387.8,13794.5,14424.9,13720.3,10940000
7/6/2017,14387.8,14461.9,14647.4,14313.6,8380000
8/6/2017,14165.3,14313.6,14387.8,14017,4750000
9/6/2017,13979.9,14165.3,14276.5,13942.8,6010000
12/6/2017,14054,14017,14276.5,13905.7,5610000
13/06/2017,14461.9,14091.1,14610.3,14017,5560000
14/06/2017,14832.8,14610.3,14906.9,14573.2,9360000
15/06/2017,14684.4,14906.9,14906.9,14573.2,7330000
16/06/2017,14647.4,14610.3,14758.6,14573.2,4700000
19/06/2017,14832.8,14832.8,14869.8,14684.4,6050000
20/06/2017,15240.7,15055.3,15277.7,14906.9,8360000
21/06/2017,15055.3,15129.4,15277.7,14721.5,9110000
22/06/2017,14721.5,15129.4,15203.6,14721.5,5910000
23/06/2017,14758.6,14610.3,14758.6,14536.1,5120000
26/06/2017,14981.1,14758.6,15092.3,14684.4,5130000
27/06/2017,14758.6,14981.1,15092.3,14758.6,4980000
28/06/2017,14795.7,14721.5,14981.1,14610.3,4510000
29/06/2017,15055.3,14944,15277.7,14944,6810000
30/06/2017,15129.4,14981.1,15129.4,14981.1,3420000
3/7/2017,15351.9,15129.4,15537.3,15129.4,4660000
4/7/2017,15055.3,15500.2,15500.2,14981.1,4980000
5/7/2017,15129.4,15092.3,15166.5,14981.1,4770000
6/7/2017,15055.3,15203.6,15351.9,14944,6390000
7/7/2017,14981.1,15055.3,15277.7,14944,6140000
10/7/2017,14610.3,14981.1,15055.3,14610.3,5380000
11/7/2017,14610.3,14610.3,14647.4,14128.2,3030000
12/7/2017,14313.6,14610.3,14610.3,14313.6,2790000
13/07/2017,14499,14313.6,14573.2,14276.5,1800000
14/07/2017,14313.6,14610.3,14610.3,14313.6,2030000
17/07/2017,14017,14424.9,14461.9,13979.9,3150000
18/07/2017,14054,13979.9,14165.3,13868.6,2500000
19/07/2017,14128.2,14202.4,14276.5,14091.1,2250000
20/07/2017,14536.1,14276.5,14536.1,14091.1,3630000
21/07/2017,14276.5,14610.3,14684.4,14276.5,3580000
24/07/2017,14387.8,14239.5,14461.9,14054,1910000
25/07/2017,15203.6,14387.8,15203.6,14387.8,6110000
26/07/2017,15277.7,15129.4,15500.2,15092.3,6210000
27/07/2017,15351.9,15277.7,15463.2,15129.4,4970000
28/07/2017,15574.4,15463.2,15722.7,15277.7,6800000
31/07/2017,16464.4,15648.6,16575.6,15648.6,8460000
1/8/2017,16464.4,16316,16575.6,16167.7,4470000
2/8/2017,16649.8,16204.8,17020.6,16056.5,8590000
3/8/2017,16983.5,16612.7,17057.7,16612.7,5560000
4/8/2017,16612.7,16983.5,16983.5,16612.7,3230000
7/8/2017,16686.9,16464.4,16723.9,16464.4,3910000
8/8/2017,16761,16761,16835.2,16612.7,3730000
9/8/2017,15613,16914.1,16914.1,15613,12180000
10/8/2017,15536.5,15459.9,15919.1,14847.7,5600000
11/8/2017,15536.5,15459.9,15613,15153.8,3070000
14/08/2017,15919.1,15536.5,15919.1,15306.9,2180000
15/08/2017,15536.5,15880.9,15919.1,15536.5,2240000
16/08/2017,15306.9,15536.5,15613,15153.8,2520000
17/08/2017,14694.6,15306.9,15421.7,14618.1,7090000
18/08/2017,15115.5,14541.5,15306.9,14388.5,2830000
21/08/2017,15039,15115.5,15192.1,14694.6,1290000
22/08/2017,14656.3,15000.7,15000.7,14656.3,2260000
23/08/2017,14847.7,14656.3,14924.2,14579.8,1480000
24/08/2017,15153.8,14885.9,15230.3,14847.7,2540000
25/08/2017,15115.5,15230.3,15383.4,15077.3,2230000
28/08/2017,15039,15115.5,15230.3,14962.5,1500000
29/08/2017,15039,15039,15230.3,15000.7,2060000
30/08/2017,14809.4,15077.3,15077.3,14809.4,2170000
31/08/2017,15842.6,14847.7,15842.6,14809.4,6820000
1/9/2017,16110.5,16148.7,16531.4,15880.9,4750000
5/9/2017,16033.9,16072.2,16072.2,15766.1,2230000
6/9/2017,15766.1,15842.6,15995.7,15651.3,3320000
7/9/2017,15957.4,15727.8,16225.3,15727.8,3000000
8/9/2017,15574.7,15957.4,15957.4,15574.7,2700000
11/9/2017,15459.9,15459.9,15766.1,15306.9,2010000
12/9/2017,15689.5,15383.4,15842.6,15345.1,1370000
13/09/2017,15689.5,15804.3,15842.6,15574.7,1090000
14/09/2017,15804.3,15574.7,15957.4,15536.5,2050000
15/09/2017,15613,15804.3,15804.3,15574.7,957940
18/09/2017,15689.5,15613,15842.6,15574.7,2350000
19/09/2017,15804.3,15766.1,15957.4,15651.3,2230000
20/09/2017,15689.5,15804.3,15804.3,15613,1470000
21/09/2017,15957.4,15613,15995.7,15574.7,4460000
22/09/2017,15766.1,15842.6,15995.7,15766.1,1940000
25/09/2017,15613,15766.1,15804.3,15536.5,1630000
26/09/2017,15613,15613,15766.1,15574.7,1760000
27/09/2017,15459.9,15613,15689.5,15459.9,1600000
28/09/2017,15039,15459.9,15613,15039,3300000
29/09/2017,15000.7,15039,15192.1,15000.7,2570000
2/10/2017,15077.3,15000.7,15306.9,15000.7,1660000
3/10/2017,15192.1,15153.8,15459.9,15077.3,3450000
4/10/2017,15345.1,15230.3,15459.9,15192.1,2260000
5/10/2017,15230.3,15459.9,15498.2,15192.1,1580000
6/10/2017,15268.6,15192.1,15459.9,15153.8,3160000
9/10/2017,15306.9,15459.9,15536.5,15306.9,2430000
10/10/2017,15306.9,15306.9,15459.9,15268.6,988690
11/10/2017,15536.5,15383.4,15651.3,15345.1,2580000
12/10/2017,15421.7,15536.5,15651.3,15421.7,1560000
13/10/2017,15459.9,15383.4,15498.2,15345.1,905980
16/10/2017,15574.7,15459.9,15651.3,15459.9,2170000
17/10/2017,16454.9,15613,16454.9,15613,7360000
18/10/2017,16378.3,16454.9,16607.9,16301.8,4880000
19/10/2017,16263.5,16225.3,16340.1,15919.1,2790000
20/10/2017,16378.3,16148.7,16416.6,16148.7,3520000
23/10/2017,15995.7,16225.3,16416.6,15919.1,2650000
24/10/2017,15880.9,15804.3,15995.7,15766.1,1250000
25/10/2017,16072.2,15842.6,16301.8,15842.6,1790000
26/10/2017,15842.6,15995.7,16225.3,15536.5,2450000
27/10/2017,16225.3,15842.6,16225.3,15727.8,1920000
30/10/2017,16722.8,16225.3,17067.2,16225.3,6940000
31/10/2017,16722.8,16684.5,16952.4,16454.9,3600000
1/11/2017,17143.7,16722.8,17182,16722.8,3190000
2/11/2017,16761,17143.7,17258.5,16454.9,2820000
3/11/2017,17143.7,16684.5,17143.7,16454.9,2520000
6/11/2017,17488.1,17143.7,17488.1,17028.9,2830000
7/11/2017,17488.1,17373.3,17641.2,17296.8,3020000
8/11/2017,18215.2,17488.1,18215.2,17373.3,3980000
9/11/2017,17985.6,18215.2,18291.7,17909,2930000
10/11/2017,18062.1,17832.5,18521.3,17832.5,3340000
13/11/2017,18330,18100.4,18330,18062.1,1830000
14/11/2017,18597.8,18330,18674.4,17985.6,2490000
15/11/2017,18521.3,18674.4,18674.4,18368.2,1440000
16/11/2017,18483,18406.5,18636.1,18138.6,3000000
17/11/2017,18406.5,18521.3,18597.8,17985.6,3170000
20/11/2017,18368.2,18215.2,18483,18100.4,1790000
21/11/2017,18406.5,18368.2,18750.9,18368.2,3020000
22/11/2017,19669.3,18406.5,19669.3,18368.2,5080000
23/11/2017,19363.2,19898.9,20281.6,19363.2,3330000
24/11/2017,19363.2,19363.2,19554.5,19133.6,2220000
27/11/2017,19286.7,19363.2,19554.5,19210.1,1640000
28/11/2017,19133.6,19286.7,19439.7,18789.2,2180000
29/11/2017,19592.8,19057,19592.8,19057,2070000
30/11/2017,19631.1,19898.9,20128.5,19516.3,1940000
1/12/2017,19516.3,19592.8,19631.1,19439.7,1650000
4/12/2017,19516.3,19669.3,20052,19516.3,1270000
5/12/2017,19057,19669.3,19669.3,19057,3060000
6/12/2017,19018.8,18904,19057,18750.9,2330000
7/12/2017,19133.6,19133.6,19248.4,18789.2,808640
8/12/2017,19133.6,19171.8,19286.7,18865.7,1070000
11/12/2017,18368.2,18291.7,18980.5,18291.7,1560000
12/12/2017,18444.8,18368.2,18674.4,17105.4,3290000
13/12/2017,18291.7,18444.8,18521.3,18100.4,2540000
14/12/2017,18712.6,18215.2,18750.9,17794.2,1850000
15/12/2017,18597.8,18521.3,18712.6,18253.4,808260
18/12/2017,18636.1,18597.8,18750.9,18521.3,1290000
19/12/2017,18444.8,18636.1,18904,18444.8,1180000
20/12/2017,18750.9,18444.8,18904,18406.5,1100000
21/12/2017,18521.3,18750.9,18980.5,18521.3,1650000
22/12/2017,18253.4,18291.7,18521.3,17985.6,2430000
25/12/2017,18215.2,18521.3,18597.8,18138.6,720010
26/12/2017,18444.8,18215.2,18444.8,17985.6,1270000
27/12/2017,18674.4,18559.6,18865.7,18406.5,1510000
28/12/2017,18942.2,18674.4,19210.1,18674.4,1740000
29/12/2017,19516.3,19171.8,19516.3,18942.2,3260000
2/1/2018,20664.3,19516.3,20664.3,19286.7,3650000
3/1/2018,20511.2,20664.3,20702.5,20281.6,3090000
4/1/2018,21085.2,20511.2,21200,20319.9,5560000
5/1/2018,20970.4,21046.9,21085.2,20626,2400000
8/1/2018,21314.8,21200,21582.7,20970.4,2580000
9/1/2018,20970.4,21314.8,21391.3,19898.9,5300000
10/1/2018,21008.7,20970.4,21620.9,20893.9,3540000
11/1/2018,21123.5,21046.9,21238.3,20779.1,1970000
12/1/2018,20855.6,20817.3,21085.2,20740.8,3130000
15/01/2018,20893.9,20702.5,21200,20472.9,2250000
16/01/2018,21200,20932.1,21353.1,20855.6,2980000
17/01/2018,20664.3,21200,21506.1,20664.3,3580000
18/01/2018,20740.8,20358.1,20740.8,20128.5,2310000
19/01/2018,20587.7,20817.3,20893.9,20358.1,4470000
22/01/2018,21774,20587.7,21888.8,20549.5,6340000
25/01/2018,23266.4,22271.5,23266.4,22041.9,10040000
26/01/2018,24873.7,24873.7,24873.7,24108.3,7140000
29/01/2018,26480.9,25256.3,26595.7,25256.3,5530000
30/01/2018,27552.4,25141.5,27552.4,25141.5,4130000
31/01/2018,26174.7,28470.8,28509,26174.7,2210000
1/2/2018,25792.1,26404.3,26442.6,25179.8,2380000
2/2/2018,25792.1,25485.9,26251.3,25332.9,2230000
5/2/2018,23993.5,25409.4,25562.5,23993.5,3510000
6/2/2018,22348,22348,23572.6,22348,4170000
7/2/2018,23878.7,23878.7,23878.7,22960.3,2590000
8/2/2018,24644.1,23878.7,25103.3,23878.7,2570000
9/2/2018,24720.6,22960.3,25256.3,22922,2260000
12/2/2018,26442.6,25256.3,26442.6,24873.7,2970000
13/02/2018,27093.2,27858.5,27935,26787,3090000
21/02/2018,28623.8,27552.4,28968.2,27246.2,2690000
22/02/2018,28164.6,28317.7,29542.2,28126.4,3590000
23/02/2018,28394.2,28317.7,28700.4,27475.8,4560000
26/02/2018,29159.6,29006.5,29657.1,28623.8,4420000
27/02/2018,29197.8,29159.6,29695.3,28776.9,2790000
28/02/2018,29848.4,29006.5,30231.1,28815.2,5690000
1/3/2018,28930,29542.2,30307.6,28700.4,3310000
2/3/2018,28930,28317.7,29083,28241.2,2990000
5/3/2018,26940.1,29274.4,29389.2,26940.1,3260000
6/3/2018,28815.2,27552.4,28815.2,27131.4,3180000
7/3/2018,28700.4,29083,29159.6,28241.2,2580000
8/3/2018,28470.8,28700.4,29083,28317.7,1420000
9/3/2018,28509,28700.4,29083,28317.7,2850000
12/3/2018,29542.2,29618.8,29848.4,29083,2530000
13/03/2018,30001.5,29542.2,30001.5,29083,2490000
14/03/2018,29848.4,30460.7,30460.7,29771.9,2510000
15/03/2018,31914.8,29848.4,31914.8,29618.8,4440000
16/03/2018,32756.7,32374,33292.4,31991.3,3310000
19/03/2018,31914.8,32909.8,32986.3,31532.1,2980000
20/03/2018,32527.1,31532.1,32986.3,31379.1,2350000
21/03/2018,33292.4,33292.4,33522,32603.6,2020000
22/03/2018,33904.7,33292.4,34057.8,33101.1,3180000
23/03/2018,32412.3,33292.4,33369,31685.2,4610000
26/03/2018,34363.9,32144.4,34363.9,32144.4,2430000
27/03/2018,33751.6,35205.8,35665,33751.6,3700000
28/03/2018,34096,33675.1,34249.1,33215.9,2100000
29/03/2018,33675.1,34096,34210.8,33522,1130000
30/03/2018,33215.9,33522,33636.8,32641.9,2780000
2/4/2018,34440.4,33522,34440.4,32871.5,3280000
3/4/2018,34517,34670,35052.7,34210.8,1690000
4/4/2018,34287.4,34517,34784.9,34287.4,1900000
5/4/2018,33675.1,34287.4,34287.4,33483.8,2190000
6/4/2018,33675.1,33828.2,34210.8,33522,1850000
9/4/2018,33981.2,33904.7,34440.4,33215.9,3430000
10/4/2018,34823.1,34363.9,35511.9,34287.4,5260000
11/4/2018,34057.8,35818.1,35818.1,33675.1,3000000
12/4/2018,33981.2,33904.7,34440.4,33369,2280000
13/04/2018,32144.4,34057.8,34287.4,31914.8,4240000
16/04/2018,30613.7,31379.1,32144.4,30613.7,2780000
17/04/2018,32067.9,30613.7,32067.9,30384.1,3160000
18/04/2018,30766.8,32680.2,32680.2,30766.8,1500000
19/04/2018,29083,30766.8,30919.9,28930,3460000
20/04/2018,30192.8,29465.7,30269.3,28317.7,3040000
23/04/2018,28088.1,30460.7,31111.2,28088.1,4040000
24/04/2018,29083,28317.7,29465.7,27475.8,3150000
26/04/2018,27935,28930,29465.7,27169.7,2780000
27/04/2018,27628.9,27858.5,29159.6,27552.4,2550000
2/5/2018,25715.5,28088.1,28241.2,25715.5,2350000
3/5/2018,25792.1,24644.1,26710.5,23917,5240000
4/5/2018,24873.7,26098.2,26404.3,24873.7,2010000
7/5/2018,26595.7,25218.1,26595.7,24261.4,4480000
8/5/2018,27169.7,26595.7,28279.4,26327.8,3790000
9/5/2018,26787,26787,27743.7,26404.3,2320000
10/5/2018,25026.7,26327.8,27246.2,24911.9,3560000
11/5/2018,26021.7,25026.7,26174.7,24108.3,2660000
14/05/2018,26251.3,26480.9,26557.4,25792.1,1150000
15/05/2018,26480.9,26251.3,26787,26021.7,2790000
16/05/2018,25409.4,26098.2,26251.3,25371.1,2340000
17/05/2018,25256.3,25409.4,25639,25026.7,1890000
18/05/2018,25218.1,25256.3,25562.5,23725.6,3690000
21/05/2018,24108.3,25218.1,25218.1,24108.3,3030000
22/05/2018,22424.6,23725.6,24031.8,22424.6,3920000
23/05/2018,23304.7,22041.9,23343,22003.6,2290000
24/05/2018,22692.4,23343,23534.3,22539.4,1370000
25/05/2018,21200,22845.5,23036.8,21200,2720000
28/05/2018,19745.9,20740.8,20817.3,19745.9,4910000
29/05/2018,21123.5,20281.6,21123.5,19745.9,3610000
30/05/2018,21123.5,21429.6,21812.3,20932.1,2700000
31/05/2018,22386.3,20893.9,22501.1,20893.9,4290000
1/6/2018,22730.7,22195,23496,22041.9,4570000
4/6/2018,23343,22195,23419.5,21735.7,6140000
5/6/2018,23266.4,23189.9,23878.7,22654.2,3860000
6/6/2018,24337.9,23304.7,24337.9,22807.2,3190000
7/6/2018,23878.7,24337.9,24644.1,23878.7,4660000
8/6/2018,24108.3,23878.7,24261.4,23572.6,3370000
11/6/2018,23725.6,23802.2,24452.7,23725.6,2920000
12/6/2018,22654.2,23189.9,23343,22080.2,5430000
13/06/2018,22692.4,22654.2,22960.3,22309.8,2100000
14/06/2018,21659.2,22730.7,22883.8,21659.2,4870000
15/06/2018,22195,21429.6,22195,21276.5,2840000
18/06/2018,20893.9,22195,22233.2,20817.3,3610000
19/06/2018,20511.2,20511.2,20664.3,19439.7,6870000
20/06/2018,21429.6,20740.8,21429.6,20396.4,2970000
21/06/2018,20511.2,21123.5,21429.6,20358.1,2610000
22/06/2018,21046.9,19937.2,21161.7,19937.2,2870000
25/06/2018,21582.7,21467.9,21927.1,21353.1,2440000
26/06/2018,21276.5,21046.9,21506.1,20893.9,1610000
27/06/2018,20511.2,21276.5,21582.7,20511.2,2430000
28/06/2018,19822.4,20205.1,20511.2,19745.9,4820000
29/06/2018,19898.9,19898.9,20434.7,19669.3,2660000
2/7/2018,18942.2,19516.3,19898.9,18636.1,4460000
3/7/2018,17641.2,18980.5,19248.4,17641.2,6220000
4/7/2018,17526.4,17641.2,17717.7,16799.3,5840000
5/7/2018,16531.4,17258.5,17641.2,16301.8,3830000
6/7/2018,17679.4,16378.3,17679.4,15957.4,6370000
9/7/2018,17832.5,18062.1,18674.4,17794.2,6820000
10/7/2018,18100.4,18138.6,18636.1,17909,4540000
11/7/2018,16914.1,17449.8,17602.9,16837.6,6840000
12/7/2018,17602.9,17143.7,18062.1,16875.8,3160000
13/07/2018,17985.6,17985.6,18368.2,17832.5,3950000
16/07/2018,18483,18368.2,18674.4,18138.6,3660000
17/07/2018,19057,18062.1,19248.4,18062.1,5020000
18/07/2018,20013.7,19133.6,20052,19057,5050000
19/07/2018,19745.9,19898.9,20052,19516.3,4210000
20/07/2018,19439.7,19439.7,19822.4,18980.5,5380000
23/07/2018,18980.5,19439.7,20052,18980.5,3930000
24/07/2018,18980.5,18904,19516.3,18368.2,3260000
25/07/2018,18062.1,19133.6,19248.4,18062.1,3490000
26/07/2018,18444.8,18062.1,18444.8,17794.2,2970000
27/07/2018,18980.5,18444.8,19095.3,18368.2,2550000
30/07/2018,20128.5,19286.7,20128.5,19133.6,4770000
31/07/2018,20128.5,20052,20626,19784.1,6670000
1/8/2018,20128.5,20128.5,20511.2,19898.9,4390000
2/8/2018,20052,19898.9,20052,19363.2,4430000
3/8/2018,20319.9,20358.1,20434.7,20128.5,3250000
6/8/2018,20549.5,20358.1,21123.5,19937.2,4100000
7/8/2018,21008.7,20128.5,21200,20128.5,4660000
8/8/2018,22348,21046.9,22348,21046.9,5670000
9/8/2018,22080.2,22577.6,22807.2,22041.9,4330000
10/8/2018,22883.8,21888.8,22883.8,21812.3,5560000
13/08/2018,23343,22730.7,23610.8,22654.2,4620000
14/08/2018,22960.3,23343,23457.8,22883.8,2750000
15/08/2018,22424.6,23343,23496,21888.8,6220000
16/08/2018,22960.3,22156.7,22998.6,21429.6,6310000
17/08/2018,23802.2,23419.5,24261.4,23036.8,5870000
20/08/2018,24031.8,23725.6,24337.9,23572.6,4490000
21/08/2018,25256.3,23725.6,25256.3,23725.6,5120000
22/08/2018,24873.7,25409.4,25792.1,24797.1,5470000
23/08/2018,25294.6,25026.7,25639,24644.1,4200000
24/08/2018,25562.5,24950.2,25677.3,24950.2,3490000
27/08/2018,26021.7,25792.1,26098.2,25600.7,3200000
28/08/2018,25792.1,26251.3,26251.3,25485.9,3250000
29/08/2018,25753.8,25792.1,26098.2,25677.3,2920000
30/08/2018,26710.5,25715.5,26710.5,25639,4130000
31/08/2018,26327.8,26633.9,26787,26251.3,2940000
4/9/2018,24873.7,26021.7,26021.7,24644.1,5140000
5/9/2018,25332.9,24644.1,25524.2,24605.8,4130000
6/9/2018,25065,25332.9,25409.4,24797.1,2420000
7/9/2018,25945.1,24873.7,26136.5,24873.7,3990000
10/9/2018,26021.7,25868.6,26404.3,25639,3870000
11/9/2018,27016.6,26021.7,27093.2,25945.1,5500000
12/9/2018,26595.7,27169.7,27246.2,26595.7,3180000
13/09/2018,26787,26940.1,27169.7,26404.3,3750000
14/09/2018,26672.2,27016.6,27169.7,26557.4,2080000
17/09/2018,26174.7,26557.4,26863.5,26174.7,2720000
18/09/2018,26978.3,25868.6,27016.6,25639,5190000
19/09/2018,27016.6,27169.7,27514.1,26940.1,3700000
20/09/2018,27169.7,27016.6,27361,26672.2,2900000
21/09/2018,27016.6,27322.8,27361,26519.1,5820000
24/09/2018,26710.5,27016.6,27246.2,26672.2,3050000
25/09/2018,26787,26595.7,27246.2,26480.9,2290000
26/09/2018,26710.5,26748.7,27131.4,26710.5,2460000
27/09/2018,26519.1,26787,26825.3,26519.1,2610000
28/09/2018,26940.1,26710.5,27284.5,26557.4,3550000
1/10/2018,26595.7,26940.1,27169.7,26480.9,2180000
2/10/2018,27705.4,26633.9,27858.5,26404.3,6540000
3/10/2018,28049.8,27782,28126.4,27705.4,2970000
4/10/2018,28126.4,28088.1,28164.6,27782,2360000
5/10/2018,27169.7,27858.5,28011.6,27169.7,3570000
8/10/2018,27552.4,26940.1,27705.4,26710.5,4110000
9/10/2018,27628.9,27628.9,27935,27399.3,1600000
10/10/2018,27054.9,27705.4,27705.4,26940.1,2620000
11/10/2018,25179.8,25332.9,26251.3,25179.8,8270000
12/10/2018,25868.6,25256.3,26136.5,24491,3350000
15/10/2018,24950.2,26021.7,26021.7,24950.2,1510000
16/10/2018,25639,24950.2,25639,24950.2,1980000
17/10/2018,26480.9,26021.7,26633.9,25983.4,3610000
18/10/2018,26480.9,26327.8,26901.8,25868.6,4220000
19/10/2018,26480.9,26021.7,26595.7,25868.6,2530000
22/10/2018,26787,26787,27131.4,26557.4,4580000
23/10/2018,26710.5,26633.9,26940.1,25639,4590000
24/10/2018,24950.2,26710.5,26787,24950.2,2810000
25/10/2018,23878.7,23228.2,24491,23228.2,5780000
26/10/2018,23419.5,24491,24720.6,23419.5,2360000
29/10/2018,22118.4,23343,23572.6,22041.9,3120000
30/10/2018,21123.5,21812.3,22730.7,21123.5,3950000
31/10/2018,22577.6,21812.3,22577.6,21582.7,2100000
1/11/2018,23228.2,24070,24108.3,23189.9,3740000
2/11/2018,24835.4,23725.6,24835.4,23572.6,4360000
5/11/2018,25103.3,24491,25103.3,24184.8,2180000
6/11/2018,24491,25256.3,25371.1,24376.2,2310000
7/11/2018,24835.4,24491,25141.5,24414.4,2660000
8/11/2018,24835.4,25639,25639,24797.1,2170000
9/11/2018,24261.4,24644.1,24873.7,24223.1,2250000
12/11/2018,24644.1,23802.2,24835.4,23802.2,1680000
13/11/2018,23725.6,23955.2,24299.6,23725.6,2580000
14/11/2018,22960.3,23725.6,24108.3,22960.3,1900000
15/11/2018,23725.6,22960.3,24337.9,22883.8,1980000
16/11/2018,24644.1,24108.3,24835.4,24108.3,2940000
19/11/2018,24644.1,24644.1,24911.9,24491,1910000
20/11/2018,24261.4,24070,24491,24070,1640000
21/11/2018,24491,23878.7,24644.1,23840.4,2200000
22/11/2018,24376.2,24644.1,24835.4,24337.9,2350000
23/11/2018,24261.4,24337.9,24567.5,24184.8,1690000
26/11/2018,24223.1,24031.8,24452.7,24031.8,994730
27/11/2018,24070,24414.4,24491,23725.6,1740000
28/11/2018,24146.6,24070,24223.1,23955.2,961050
29/11/2018,23917,24146.6,24491,23917,3120000
30/11/2018,24031.8,23419.5,24337.9,23419.5,3280000
3/12/2018,25677.3,24491,25677.3,24337.9,4360000
4/12/2018,25562.5,25677.3,26098.2,25409.4,2990000
5/12/2018,25906.9,25256.3,26059.9,25103.3,3240000
6/12/2018,25792.1,25792.1,25906.9,25409.4,2500000
7/12/2018,25792.1,25868.6,26327.8,25753.8,1530000
10/12/2018,25792.1,25792.1,26098.2,25447.7,1960000
11/12/2018,25677.3,25792.1,25906.9,25562.5,1440000
12/12/2018,26519.1,25792.1,26519.1,25562.5,2800000
13/12/2018,26251.3,26748.7,26748.7,26251.3,2030000
14/12/2018,25945.1,26174.7,26633.9,25868.6,1530000
17/12/2018,25409.4,25600.7,26059.9,25409.4,2860000
18/12/2018,25753.8,25026.7,25753.8,24873.7,2950000
19/12/2018,25485.9,25753.8,25983.4,25485.9,1650000
20/12/2018,25983.4,25639,26213,25562.5,2060000
21/12/2018,26021.7,25868.6,26059.9,25562.5,888330
24/12/2018,26021.7,26021.7,26595.7,25868.6,2340000
25/12/2018,25065,25409.4,25830.3,24261.4,2300000
26/12/2018,24950.2,25065,25600.7,24911.9,1300000
27/12/2018,26021.7,25868.6,26366.1,25677.3,2070000
28/12/2018,26327.8,25868.6,26327.8,25753.8,2680000
2/1/2019,25639,26327.8,26327.8,25600.7,1010000
3/1/2019,24491,25639,25868.6,24491,1390000
4/1/2019,24146.6,24108.3,24452.7,23572.6,1830000
7/1/2019,24720.6,24491,25256.3,24491,1010000
8/1/2019,24491,24950.2,24950.2,24414.4,702480
9/1/2019,25256.3,24720.6,25294.6,24567.5,1350000
10/1/2019,24873.7,25256.3,25332.9,24873.7,516520
11/1/2019,24414.4,24873.7,25103.3,24376.2,1180000
14/01/2019,24414.4,24414.4,24758.9,24070,950720
15/01/2019,24873.7,24299.6,25103.3,24299.6,730360
16/01/2019,24644.1,25026.7,25065,24644.1,457400
17/01/2019,24452.7,24644.1,24797.1,24414.4,374240
18/01/2019,24261.4,24452.7,24720.6,24223.1,640350
21/01/2019,25141.5,24491,25524.2,24261.4,1520000
22/01/2019,25065,25179.8,25332.9,25026.7,709270
23/01/2019,25026.7,24797.1,25141.5,24567.5,575720
24/01/2019,24873.7,24911.9,25141.5,24873.7,728890
25/01/2019,24529.3,25026.7,25026.7,24491,718120
28/01/2019,24414.4,24529.3,24758.9,24337.9,685690
29/01/2019,24261.4,24414.4,24414.4,24146.6,799760
30/01/2019,24261.4,24414.4,24682.3,24184.8,540070
31/01/2019,24108.3,24644.1,24644.1,24108.3,852880
1/2/2019,24184.8,24070,24376.2,24031.8,675450
11/2/2019,24452.7,24567.5,24682.3,24337.9,794500
12/2/2019,24835.4,24529.3,25026.7,24529.3,1760000
13/02/2019,24873.7,24911.9,24950.2,24682.3,1960000
14/02/2019,24797.1,24873.7,24911.9,24758.9,1280000
15/02/2019,25371.1,24758.9,25868.6,24567.5,2040000
18/02/2019,25639,25639,25792.1,25409.4,1200000
19/02/2019,25179.8,25639,25830.3,25179.8,1440000
20/02/2019,26021.7,25103.3,26710.5,24988.5,2970000
21/02/2019,26213,26213,26519.1,26021.7,2710000
22/02/2019,26021.7,26174.7,26557.4,26021.7,1840000
25/02/2019,26021.7,26404.3,26404.3,25792.1,2120000
26/02/2019,25715.5,25792.1,26021.7,25639,1770000
27/02/2019,25715.5,25715.5,25983.4,25639,942090
28/02/2019,24873.7,25715.5,25830.3,24873.7,2260000
1/3/2019,25141.5,24950.2,25332.9,24950.2,1450000
4/3/2019,25715.5,25332.9,25830.3,25256.3,1150000
5/3/2019,26480.9,25409.4,27016.6,25409.4,5300000
6/3/2019,26595.7,26480.9,26710.5,26327.8,2010000
7/3/2019,26710.5,26787,26978.3,26557.4,2140000
8/3/2019,26021.7,26366.1,26557.4,25945.1,2280000
11/3/2019,25753.8,26098.2,26098.2,25600.7,1430000
12/3/2019,27169.7,26098.2,27169.7,25868.6,2130000
13/03/2019,27246.2,27016.6,27514.1,26940.1,3600000
14/03/2019,27705.4,27246.2,28088.1,26940.1,3330000
15/03/2019,28470.8,27705.4,28700.4,27475.8,4000000
18/03/2019,28547.3,28470.8,28776.9,28241.2,3680000
19/03/2019,28011.6,28432.5,28547.3,27935,3550000
20/03/2019,27628.9,27667.2,27935,27169.7,3400000
21/03/2019,26633.9,27743.7,28049.8,26633.9,2820000
22/03/2019,26863.5,27093.2,27322.8,26633.9,2360000
25/03/2019,26404.3,26098.2,26787,25639,2630000
26/03/2019,26251.3,26710.5,26863.5,26174.7,1310000
27/03/2019,26710.5,26672.2,26863.5,26251.3,1560000
28/03/2019,27246.2,26366.1,27437.6,26366.1,2760000
29/03/2019,27399.3,27246.2,27552.4,27246.2,2080000
1/4/2019,27169.7,27399.3,27782,27016.6,1140000
2/4/2019,26633.9,27552.4,27552.4,26633.9,1830000
3/4/2019,27322.8,26633.9,27628.9,26366.1,2380000
4/4/2019,27016.6,27552.4,27552.4,26901.8,1330000
5/4/2019,26825.3,27016.6,27322.8,26633.9,927740
8/4/2019,27169.7,26633.9,27208,26633.9,1310000
9/4/2019,27361,27169.7,27705.4,27169.7,2620000
10/4/2019,26940.1,27361,27399.3,26940.1,657170
11/4/2019,26901.8,27016.6,27169.7,26748.7,809910
12/4/2019,26595.7,26863.5,26940.1,26557.4,1120000
16/04/2019,27169.7,26480.9,27246.2,26174.7,1770000
17/04/2019,26633.9,27169.7,27169.7,26633.9,1070000
18/04/2019,26633.9,26633.9,27093.2,26519.1,1280000
19/04/2019,26672.2,26633.9,26940.1,26557.4,369600
22/04/2019,26174.7,26672.2,26672.2,25983.4,864620
23/04/2019,26174.7,26480.9,26480.9,25983.4,1260000
24/04/2019,26480.9,26404.3,26633.9,26251.3,676770
25/04/2019,26404.3,26480.9,26787,26404.3,584350
26/04/2019,26633.9,26404.3,26710.5,26404.3,608980
2/5/2019,26404.3,26787,26787,26404.3,608050
3/5/2019,26174.7,26404.3,26633.9,26174.7,698440
6/5/2019,25332.9,25753.8,25945.1,25256.3,1530000
7/5/2019,25332.9,25485.9,25945.1,25179.8,1190000
8/5/2019,24758.9,25026.7,25256.3,24758.9,1420000
9/5/2019,23802.2,24988.5,25103.3,23725.6,2440000
10/5/2019,24491,24108.3,24644.1,24031.8,1380000
13/05/2019,25026.7,24491,25103.3,24491,979040
14/05/2019,24797.1,24835.4,24950.2,24491,1370000
15/05/2019,25179.8,24950.2,25332.9,24720.6,1840000
16/05/2019,24950.2,25218.1,25256.3,24835.4,976230
17/05/2019,24605.8,25026.7,25026.7,24491,1180000
20/05/2019,25026.7,24567.5,25179.8,24567.5,1210000
21/05/2019,25294.6,25026.7,25447.7,24950.2,2160000
22/05/2019,25409.4,25294.6,25715.5,25294.6,1590000
23/05/2019,25562.5,25256.3,25562.5,24950.2,1000000
24/05/2019,24873.7,25332.9,25447.7,24873.7,1900000
27/05/2019,24950.2,24873.7,25026.7,24797.1,661590
28/05/2019,24720.6,24873.7,25103.3,24605.8,1110000
29/05/2019,24491,24720.6,24835.4,24452.7,1130000
30/05/2019,24337.9,24644.1,24720.6,24337.9,844960
31/05/2019,24108.3,24223.1,24414.4,24070,1150000
3/6/2019,23419.5,24031.8,24108.3,23419.5,1630000
4/6/2019,24491,23419.5,24491,23381.2,1090000
5/6/2019,24031.8,24491,24644.1,24031.8,607130
6/6/2019,23955.2,24031.8,24261.4,23649.1,414540
7/6/2019,24261.4,23955.2,24261.4,23955.2,577670
10/6/2019,24261.4,24337.9,24567.5,24261.4,593040
11/6/2019,24414.4,24337.9,24491,24184.8,734990
12/6/2019,24108.3,24261.4,24414.4,24070,441840
13/06/2019,24108.3,24031.8,24299.6,24031.8,363650
14/06/2019,24605.8,24261.4,24682.3,24108.3,2000000
17/06/2019,24567.5,24644.1,24911.9,24452.7,872480
18/06/2019,24491,24414.4,24567.5,24261.4,344210
19/06/2019,24491,24797.1,24797.1,24452.7,580830
20/06/2019,24988.5,24491,25026.7,24414.4,1440000
21/06/2019,24873.7,25026.7,25218.1,24835.4,630940
24/06/2019,24950.2,24988.5,25256.3,24797.1,943430
25/06/2019,24567.5,24950.2,25026.7,24567.5,923720
26/06/2019,24873.7,24491,24911.9,24414.4,1320000
27/06/2019,24491,24835.4,24835.4,24491,836140
28/06/2019,24261.4,24491,24644.1,24031.8,821520
1/7/2019,24758.9,24644.1,24873.7,24567.5,692290
2/7/2019,24529.3,24567.5,24797.1,24529.3,571930
3/7/2019,24567.5,24491,24797.1,24491,515510
4/7/2019,25103.3,24797.1,25141.5,24644.1,1440000
5/7/2019,25103.3,24988.5,25409.4,24950.2,1520000
8/7/2019,24911.9,25179.8,25179.8,24797.1,709570
9/7/2019,24950.2,24797.1,25026.7,24797.1,507710
10/7/2019,24797.1,24950.2,25141.5,24797.1,879250
11/7/2019,25600.7,24950.2,25639,24797.1,3100000
12/7/2019,25562.5,25639,25868.6,25485.9,1780000
15/07/2019,25485.9,25485.9,25639,25447.7,1150000
16/07/2019,26442.6,25600.7,26442.6,25600.7,4140000
17/07/2019,26442.6,26404.3,26710.5,26213,1950000
18/07/2019,26557.4,26366.1,26557.4,26174.7,1810000
19/07/2019,26710.5,26787,27093.2,26557.4,2150000
22/07/2019,27361,26940.1,27514.1,26787,3600000
23/07/2019,26978.3,27361,27361,26557.4,2680000
24/07/2019,26366.1,27093.2,27093.2,26174.7,2370000
25/07/2019,26940.1,26251.3,26940.1,26251.3,1660000
26/07/2019,27399.3,26787,27475.8,26787,2750000
29/07/2019,27399.3,27322.8,27399.3,27016.6,1700000
30/07/2019,26787,27246.2,27246.2,26748.7,2040000
31/07/2019,27169.7,26787,27169.7,26557.4,1170000
1/8/2019,27131.4,27169.7,27169.7,26825.3,936570
2/8/2019,27399.3,26787,27552.4,26710.5,2290000
5/8/2019,27399.3,27169.7,27399.3,27131.4,2480000
6/8/2019,26940.1,26404.3,27284.5,26404.3,1550000
7/8/2019,26557.4,27054.9,27169.7,26557.4,1360000
8/8/2019,26557.4,26557.4,26901.8,26519.1,1140000
9/8/2019,26557.4,26787,26787,26174.7,1260000
12/8/2019,27054.9,26672.2,27093.2,26059.9,1730000
13/08/2019,26710.5,26825.3,27093.2,26595.7,1030000
14/08/2019,26863.5,27016.6,27093.2,26595.7,654820
15/08/2019,26863.5,26404.3,26863.5,26404.3,693160
16/08/2019,27552.4,26787,28088.1,26710.5,4070000
19/08/2019,28088.1,27935,28317.7,27782,1420000
20/08/2019,28164.6,28279.4,28279.4,27973.3,1010000
21/08/2019,28968.2,27935,29274.4,27935,3380000
22/08/2019,28776.9,29083,29159.6,28700.4,2040000
23/08/2019,28738.6,28930,28930,28432.5,1230000
26/08/2019,28968.2,28241.2,28968.2,28011.6,2270000
27/08/2019,28700.4,29312.6,29389.2,28700.4,1470000
28/08/2019,28776.9,28700.4,29083,28623.8,1170000
29/08/2019,29006.5,28776.9,29006.5,28585.6,1670000
30/08/2019,29657.1,29236.1,29695.3,29044.8,2750000
3/9/2019,29618.8,29695.3,29924.9,29580.5,1040000
4/9/2019,29542.2,29618.8,29695.3,29083,1160000
5/9/2019,29465.7,29695.3,29886.7,29465.7,1180000
6/9/2019,29083,29465.7,29465.7,28738.6,1920000
9/9/2019,29159.6,29083,29159.6,28891.7,1010000
10/9/2019,29312.6,29044.8,29542.2,28930,1260000
11/9/2019,29236.1,29083,29389.2,29044.8,653090
12/9/2019,29580.5,29350.9,29657.1,29083,2220000
13/09/2019,30498.9,29733.6,30498.9,29542.2,2900000
16/09/2019,30613.7,30498.9,31226,30460.7,1570000
17/09/2019,31379.1,30384.1,31379.1,30154.5,1970000
18/09/2019,31493.9,31302.5,31570.4,31034.7,2050000
19/09/2019,31226,31532.1,31570.4,31187.7,1290000
20/09/2019,30613.7,31226,31455.6,30460.7,2770000
23/09/2019,30345.9,30384.1,30996.4,30307.6,1370000
24/09/2019,30192.8,30460.7,30613.7,30192.8,1030000
25/09/2019,30537.2,30039.7,30537.2,29771.9,1820000
26/09/2019,30728.5,30537.2,31149.5,30537.2,1120000
27/09/2019,30805.1,30843.3,30919.9,30652,1100000
30/09/2019,30154.5,30766.8,31111.2,30154.5,1800000
1/10/2019,30613.7,30154.5,30613.7,30154.5,1080000
2/10/2019,30766.8,30613.7,31226,30575.5,1890000
3/10/2019,31570.4,30460.7,31570.4,30422.4,2440000
4/10/2019,30996.4,31608.7,31876.5,30996.4,1110000
7/10/2019,30919.9,31302.5,31302.5,30613.7,1020000
8/10/2019,31455.6,30919.9,31455.6,30690.3,818030
9/10/2019,31570.4,31455.6,31991.3,31226,1780000
10/10/2019,31379.1,31570.4,31914.8,31379.1,1330000
11/10/2019,31226,31379.1,31532.1,31149.5,695060
14/10/2019,31493.9,31379.1,32106.1,31264.3,1740000
15/10/2019,31685.2,31379.1,31800,31379.1,794630
16/10/2019,31493.9,31685.2,31876.5,31493.9,817670
17/10/2019,31226,31646.9,31646.9,31226,1010000
18/10/2019,30690.3,31226,31226,30613.7,1540000
21/10/2019,30078,30384.1,30613.7,30078,1610000
22/10/2019,30613.7,30078,30613.7,30078,712050
23/10/2019,30690.3,30613.7,30843.3,30498.9,573210
24/10/2019,30843.3,30690.3,30996.4,30422.4,645410
25/10/2019,30766.8,30613.7,31034.7,30460.7,1220000
28/10/2019,31072.9,31455.6,31532.1,31072.9,1010000
29/10/2019,31072.9,31302.5,31302.5,30613.7,1160000
30/10/2019,30766.8,30996.4,31226,30728.5,956370
31/10/2019,31072.9,30766.8,31149.5,30652,978090
1/11/2019,31379.1,30996.4,31455.6,30843.3,1480000
4/11/2019,32297.5,31455.6,32488.8,31455.6,2190000
5/11/2019,32527.1,32374,32527.1,32259.2,1130000
6/11/2019,32297.5,32412.3,32680.2,32297.5,1030000
7/11/2019,32375.3,32141.8,32531,31752.7,1390000
8/11/2019,32141.8,32531,32686.6,32064,917970
11/11/2019,32141.8,32102.9,32608.8,31986.2,911140
12/11/2019,32764.4,32219.7,32842.3,32141.8,1890000
13/11/2019,33387.1,32842.3,33387.1,32842.3,2270000
14/11/2019,33075.7,33464.9,33464.9,32764.4,1020000
15/11/2019,32686.6,33192.5,33231.4,32686.6,789400
18/11/2019,32141.8,32531,32842.3,32102.9,1210000
19/11/2019,32414.2,32141.8,32453.1,31986.2,850260
20/11/2019,32336.4,32608.8,32608.8,32102.9,310050
21/11/2019,32064,32297.5,32453.1,32025.1,769320
22/11/2019,31285.8,32297.5,32297.5,30974.5,1310000
25/11/2019,30896.6,31285.8,31597.1,30741,1030000
26/11/2019,31130.1,31363.6,31558.2,30974.5,511310
27/11/2019,31752.7,31207.9,32219.7,31207.9,1330000
28/11/2019,31636,31908.4,31908.4,31480.3,498400
29/11/2019,31519.2,31519.2,31830.5,31519.2,492540
2/12/2019,30663.2,31363.6,31363.6,30663.2,882970
3/12/2019,30896.6,30663.2,31169,30351.9,989600
4/12/2019,31402.5,30896.6,31558.2,30818.8,443100
5/12/2019,31130.1,31558.2,31597.1,30857.7,495080
6/12/2019,30857.7,30896.6,31285.8,30779.9,471550
9/12/2019,31130.1,31130.1,31130.1,30857.7,450970
10/12/2019,31052.3,31130.1,31402.5,30935.6,522780
11/12/2019,31207.9,31052.3,31207.9,30974.5,352320
12/12/2019,31908.4,31597.1,31908.4,31285.8,910690
13/12/2019,32608.8,31908.4,32647.7,31908.4,1790000
16/12/2019,32608.8,32842.3,32881.2,32297.5,1060000
17/12/2019,32258.6,32531,32608.8,32141.8,730070
18/12/2019,32686.6,31986.2,33114.7,31986.2,1860000
19/12/2019,32842.3,32764.4,33036.8,32219.7,883600
20/12/2019,33270.3,32686.6,33309.2,32686.6,896660
23/12/2019,34826.8,33270.3,34982.5,33270.3,3070000
24/12/2019,34943.6,34671.2,35138.1,34476.6,932610
25/12/2019,35177,34321,35215.9,34321,736320
26/12/2019,34398.8,35060.3,35293.8,34398.8,661350
27/12/2019,35955.3,34398.8,35955.3,34243.1,1380000
30/12/2019,35877.5,36033.1,36694.6,35799.6,1100000
31/12/2019,35916.4,35955.3,36188.8,35721.8,792870
2/1/2020,36500.1,35799.6,36733.5,35721.8,1100000
3/1/2020,36344.4,36850.3,36967,36344.4,759580
6/1/2020,35644,36344.4,36344.4,35644,999230
7/1/2020,36344.4,35644,36344.4,35177,662670
8/1/2020,36655.7,35799.6,37278.3,35644,1550000
9/1/2020,38640.3,37161.6,38834.8,37044.8,1980000
10/1/2020,39924.4,38640.3,40469.2,38601.3,1890000
13/01/2020,38990.5,38834.8,40080,38523.5,685120
14/01/2020,38990.5,38990.5,40080,38834.8,946040
15/01/2020,39690.9,38834.8,39924.4,38834.8,874470
16/01/2020,42025.7,39690.9,42103.5,39690.9,1260000
17/01/2020,41636.5,42103.5,42492.6,41325.2,809320
20/01/2020,41480.9,41636.5,42181.3,41403.1,957930
21/01/2020,42025.7,41480.9,42414.8,41480.9,766690
22/01/2020,43193,42025.7,43426.5,41870,982750
30/01/2020,41013.9,42414.8,42726.1,40469.2,1750000
31/01/2020,40080,40702.6,41714.4,40080,1450000
3/2/2020,41636.5,38757,42803.9,37278.3,1970000
4/2/2020,42337,42337,42570.4,41714.4,1770000
5/2/2020,41636.5,42726.1,42959.6,41636.5,903920
6/2/2020,41403.1,41558.7,42103.5,41247.4,1850000
7/2/2020,40235.7,41013.9,41480.9,40157.9,1890000
10/2/2020,38212.2,39613.1,39846.5,38212.2,1400000
11/2/2020,39535.2,38212.2,40002.2,38212.2,1150000
12/2/2020,39535.2,40080,40313.5,39457.4,886110
13/02/2020,39223.9,39457.4,39690.9,38834.8,727980
14/02/2020,38912.6,38990.5,39379.6,38912.6,788630
17/02/2020,40080,39068.3,40080,38990.5,1090000
18/02/2020,40469.2,40391.3,40936.1,40080,1110000
19/02/2020,39924.4,40469.2,40547,39846.5,468180
20/02/2020,39924.4,40391.3,40469.2,39846.5,695270
21/02/2020,38523.5,39924.4,39924.4,37939.8,3290000
24/02/2020,36033.1,37511.8,37978.7,36033.1,1360000
25/02/2020,37978.7,35021.4,37978.7,35021.4,1110000
26/02/2020,36577.9,37044.8,37589.6,36461.1,787760
27/02/2020,36655.7,36577.9,37122.7,36149.8,908910
28/02/2020,35410.5,35799.6,36110.9,35060.3,1220000
2/3/2020,35138.1,35721.8,35721.8,35021.4,714740
3/3/2020,36500.1,36422.2,37161.6,35566.2,1280000
4/3/2020,35916.4,36577.9,36577.9,35721.8,828010
5/3/2020,36305.5,36227.7,36772.5,36188.8,1100000
6/3/2020,36461.1,35410.5,36694.6,35410.5,699270
9/3/2020,33931.8,34009.7,34787.9,33931.8,1190000
10/3/2020,32997.9,33075.7,34243.1,32141.8,1720000
11/3/2020,30702.1,33854,33854,30702.1,1910000
12/3/2020,28561.9,28600.8,29340.1,28561.9,1930000
13/03/2020,27238.9,26577.3,28561.9,26577.3,2930000
16/03/2020,25526.7,27238.9,27978.2,25332.1,2760000
17/03/2020,26304.9,23814.5,26382.8,23814.5,2230000
18/03/2020,26888.6,26460.6,27628,26421.7,2190000
19/03/2020,25993.6,26421.7,26616.2,25487.8,1140000
20/03/2020,25760.2,26149.3,26499.5,25604.5,970090
23/03/2020,23970.2,24125.8,24826.3,23970.2,3430000
24/03/2020,24592.8,24125.8,24865.2,23892.4,1540000
25/03/2020,25838,25993.6,26032.6,25526.7,2030000
26/03/2020,25915.8,25682.3,26616.2,25020.8,1440000
27/03/2020,25682.3,25760.2,26266,25215.4,1420000
30/03/2020,24048,24125.8,24826.3,23892.4,1720000
31/03/2020,24009.1,24904.1,25020.8,22958.5,1280000
1/4/2020,24981.9,24048,25682.3,23970.2,1500000
3/4/2020,26694.1,25371,26694.1,25371,1950000
6/4/2020,28561.9,27783.6,28561.9,27316.7,2370000
7/4/2020,28795.4,29184.5,29340.1,28017.1,2260000
8/4/2020,29534.7,27861.5,29573.6,27316.7,1830000
9/4/2020,29340.1,29534.7,30040.6,29301.2,1700000
10/4/2020,28717.5,29028.8,29418,28561.9,1510000
13/04/2020,28912.1,28561.9,29340.1,28484.1,1330000
14/04/2020,28406.2,28834.3,29223.4,27861.5,1530000
15/04/2020,29028.8,28561.9,29340.1,28561.9,1390000
16/04/2020,29028.8,28951,29028.8,28600.8,1520000
17/04/2020,29106.7,29456.9,29729.3,28951,1450000
20/04/2020,28873.2,29495.8,29573.6,28756.4,1730000
21/04/2020,27005.4,28017.1,28639.7,27005.4,2820000
22/04/2020,28172.8,25760.2,28834.3,25760.2,1780000
23/04/2020,28172.8,28795.4,28951,28094.9,993500
24/04/2020,28017.1,28367.3,28367.3,27472.3,745700
27/04/2020,27316.7,28172.8,28328.4,27316.7,1520000
28/04/2020,27355.6,27316.7,27861.5,26849.7,741400
29/04/2020,27705.8,27238.9,27939.3,27238.9,748950
4/5/2020,27472.3,27705.8,28328.4,27316.7,824590
5/5/2020,27472.3,27472.3,27861.5,27394.5,537860
6/5/2020,28017.1,27589.1,28017.1,27472.3,929840
7/5/2020,29223.4,28250.6,29262.3,28250.6,3180000
8/5/2020,29573.6,29534.7,30585.3,29223.4,3220000
11/5/2020,29962.7,29962.7,30351.9,29534.7,1520000
12/5/2020,30001.6,29807.1,30079.5,29534.7,2070000
13/05/2020,30818.8,29807.1,30974.5,29418,3430000
14/05/2020,30896.6,30351.9,31519.2,30351.9,2510000
15/05/2020,30040.6,30974.5,31207.9,29884.9,2400000
18/05/2020,30274,29923.8,30274,29573.6,2340000
19/05/2020,30429.7,31052.3,31052.3,30274,2120000
20/05/2020,30468.6,30351.9,30585.3,29962.7,1130000
21/05/2020,30896.6,30741,31246.9,30702.1,3110000
22/05/2020,30585.3,30896.6,31130.1,30585.3,1430000
25/05/2020,30857.7,30585.3,30974.5,30351.9,1120000
26/05/2020,32686.6,30935.6,32686.6,30935.6,3720000
27/05/2020,30974.5,33270.3,33270.3,30974.5,2880000
28/05/2020,31674.9,31130.1,31869.5,30974.5,2410000
29/05/2020,31207.9,31441.4,31519.2,30974.5,2100000
1/6/2020,32258.6,31363.6,32336.4,31324.7,1390000
2/6/2020,31558.2,32297.5,32608.8,31519.2,1880000
3/6/2020,31908.4,31830.5,32064,31519.2,1130000
4/6/2020,32531,32064,32920.1,31986.2,2530000
5/6/2020,32764.4,32531,32842.3,32102.9,1530000
8/6/2020,34243.1,33231.4,34243.1,33075.7,3130000
9/6/2020,33737.3,34321,34321,33698.4,1410000
10/6/2020,33854,33542.7,34321,33075.7,1630000
11/6/2020,31519.2,33854,34009.7,31519.2,3000000
12/6/2020,33075.7,30741,33075.7,30741,2410000
15/06/2020,31052.3,32920.1,32920.1,31052.3,1890000
16/06/2020,31674.9,32297.5,32375.3,31519.2,1210000
17/06/2020,31363.6,31674.9,31986.2,31013.4,1030000
18/06/2020,31519.2,31363.6,31597.1,31130.1,791700
19/06/2020,32258.6,32064,32258.6,31674.9,906100
22/06/2020,32141.8,32297.5,32569.9,31752.7,783400
23/06/2020,31674.9,31947.3,32180.8,31519.2,1400000
24/06/2020,31363.6,31674.9,32064,31285.8,870400
25/06/2020,31130.1,31130.1,31324.7,30974.5,995900
26/06/2020,31052.3,31830.5,31830.5,30896.6,902200
29/06/2020,29962.7,30585.3,30741,29884.9,1680000
30/06/2020,29495.8,30351.9,30390.8,29418,1080000
1/7/2020,30507.5,29495.8,30663.2,29495.8,967600
2/7/2020,30351.9,30702.1,30702.1,30118.4,630700
3/7/2020,30429.7,30546.4,30585.3,30196.2,688400
6/7/2020,31207.9,30663.2,31285.8,30429.7,952900
7/7/2020,31597.1,31441.4,31791.6,31324.7,1380000
8/7/2020,31558.2,31519.2,31674.9,31130.1,966700
9/7/2020,32375.3,31558.2,32608.8,31558.2,1930000
10/7/2020,32297.5,32064,32414.2,31713.8,1300000
13/07/2020,32141.8,32414.2,32569.9,31908.4,1310000
14/07/2020,32102.9,31791.6,32141.8,31674.9,1250000
15/07/2020,32180.8,32453.1,32453.1,32141.8,868400
16/07/2020,32180.8,32180.8,32219.7,31908.4,595300
17/07/2020,32375.3,32219.7,32569.9,32219.7,1690000
20/07/2020,31752.7,32453.1,32492.1,31752.7,1050000
21/07/2020,31752.7,31908.4,31908.4,31402.5,471100
22/07/2020,31130.1,31908.4,31908.4,30741,944000
23/07/2020,31013.4,31130.1,31480.3,30857.7,961300
24/07/2020,29729.3,31013.4,31013.4,29379,2270000
27/07/2020,27666.9,28017.1,29418,27666.9,1940000
28/07/2020,29456.9,28017.1,29456.9,28017.1,1500000
29/07/2020,28756.4,28639.7,28951,27861.5,912700
30/07/2020,28951,29184.5,29184.5,28017.1,528100
31/07/2020,28523,28017.1,28989.9,28017.1,603600
3/8/2020,28951,28250.6,29067.7,28250.6,813300
4/8/2020,29495.8,29573.6,29573.6,29184.5,621300
5/8/2020,30157.3,29418,30351.9,29262.3,1150000
6/8/2020,29768.2,30079.5,30274,29729.3,751200
7/8/2020,29651.4,29768.2,30040.6,29534.7,669200
10/8/2020,29651.4,29923.8,30118.4,29651.4,672600
11/8/2020,29962.7,29846,30040.6,29651.4,982000
12/8/2020,30507.5,30040.6,30624.3,30040.6,1210000
13/08/2020,30857.7,30741,30896.6,30585.3,847000
14/08/2020,30351.9,30624.3,30818.8,30196.2,1240000
17/08/2020,30118.4,30274,30351.9,29923.8,793600
18/08/2020,29884.9,30351.9,30351.9,29884.9,834200
19/08/2020,30040.6,29884.9,30235.1,29884.9,435600
20/08/2020,29768.2,30040.6,30235.1,29768.2,1080000
21/08/2020,30313,29884.9,30546.4,29884.9,1380000
24/08/2020,30857.7,30741,31052.3,30507.5,1180000
25/08/2020,30741,31052.3,31130.1,30663.2,1120000
26/08/2020,30624.3,30741,30741,30585.3,1050000
27/08/2020,30429.7,30585.3,30663.2,30351.9,1380000
28/08/2020,31558.2,30741,31908.4,30585.3,3810000
31/08/2020,31869.5,31597.1,32141.8,31558.2,2520000
1/9/2020,32219.7,31519.2,32219.7,31441.4,2670000
3/9/2020,32842.3,32297.5,32842.3,32064,3350000
4/9/2020,32764.4,32141.8,32920.1,32102.9,2520000
7/9/2020,31597.1,32842.3,32842.3,31597.1,2830000
8/9/2020,31791.6,31752.7,31908.4,31169,1590000
9/9/2020,31752.7,31285.8,31869.5,31207.9,1010000
10/9/2020,31519.2,31986.2,32025.1,31519.2,1070000
11/9/2020,31480.3,31519.2,31636,31324.7,972500
14/09/2020,31519.2,31558.2,31752.7,31480.3,1170000
15/09/2020,31713.8,31674.9,32064,31441.4,1400000
16/09/2020,31558.2,31830.5,31830.5,31480.3,687100
17/09/2020,31519.2,31674.9,31986.2,31363.6,1910000
18/09/2020,31908.4,31597.1,31908.4,31519.2,1760000
21/09/2020,31752.7,32064,32297.5,31674.9,1270000
22/09/2020,31674.9,31674.9,31830.5,31480.3,1460000
23/09/2020,32219.7,31752.7,32608.8,31752.7,2650000
24/09/2020,31830.5,32064,32336.4,31752.7,1920000
25/09/2020,31752.7,31908.4,31986.2,31558.2,1680000
28/09/2020,32141.8,31947.3,32453.1,31752.7,2460000
29/09/2020,31636,32297.5,32647.7,31597.1,2540000
30/09/2020,31752.7,31674.9,31830.5,31519.2,1170000
1/10/2020,31869.5,31752.7,32025.1,31752.7,1460000
2/10/2020,31636,31908.4,32258.6,29962.7,2210000
5/10/2020,31441.4,31908.4,31908.4,31285.8,1970000
6/10/2020,31480.3,31558.2,31752.7,31363.6,1900000
7/10/2020,31480.3,31441.4,31830.5,31363.6,1480000
8/10/2020,31441.4,31597.1,31636,30974.5,2380000
9/10/2020,31402.5,31363.6,31519.2,31207.9,1070000
12/10/2020,31869.5,32375.3,32647.7,31674.9,4440000
13/10/2020,32102.9,31908.4,32569.9,31597.1,2490000
14/10/2020,33387.1,32531,33426,32297.5,8580000
15/10/2020,32881.2,33815.1,33815.1,32842.3,3720000
16/10/2020,32842.3,32881.2,33620.5,32531,3030000
19/10/2020,32608.8,33036.8,33036.8,32453.1,3380000
20/10/2020,32686.6,32297.5,33075.7,32297.5,2420000
21/10/2020,32959,32997.9,33854,32803.4,3800000
22/10/2020,33426,32920.1,33426,32608.8,2180000
23/10/2020,33309.2,33776.2,33776.2,33309.2,2440000
26/10/2020,31908.4,33075.7,33464.9,31908.4,4250000
27/10/2020,31674.9,31908.4,32297.5,31674.9,3320000
28/10/2020,30585.3,31519.2,31674.9,30585.3,3650000
29/10/2020,30079.5,30196.2,30741,29923.8,3550000
30/10/2020,29962.7,30351.9,30507.5,29690.3,2110000
2/11/2020,30274,29962.7,30429.7,29962.7,1360000
3/11/2020,30663.2,30351.9,30741,30351.9,1300000
4/11/2020,30935.6,30663.2,31207.9,30624.3,1360000
5/11/2020,30390.8,30935.6,30935.6,30390.8,1610000
6/11/2020,30390.8,30702.1,30702.1,30235.1,813300
9/11/2020,30546.4,30702.1,30702.1,30429.7,1490000
10/11/2020,30663.2,31013.4,31130.1,30663.2,1710000
11/11/2020,30663.2,30663.2,30857.7,30468.6,910400
12/11/2020,30818.8,30741,30974.5,30663.2,1420000
13/11/2020,31363.6,30896.6,31363.6,30857.7,2310000
16/11/2020,31052.3,31402.5,31752.7,31052.3,2440000
17/11/2020,31363.6,31130.1,31363.6,30935.6,1830000
18/11/2020,31169,31363.6,31402.5,31130.1,1980000
19/11/2020,31441.4,31207.9,31752.7,31207.9,2250000
20/11/2020,32064,31674.9,32102.9,31674.9,3170000
23/11/2020,31986.2,32297.5,32297.5,31558.2,1650000
24/11/2020,31674.9,31947.3,31986.2,31441.4,2460000
25/11/2020,32141.8,31908.4,32258.6,31558.2,3490000
26/11/2020,33153.6,32141.8,33153.6,31908.4,5480000
27/11/2020,33036.8,33309.2,33348.1,32725.5,2920000
30/11/2020,32453.1,33036.8,33075.7,32453.1,2150000
1/12/2020,32453.1,31908.4,32531,31752.7,3660000
2/12/2020,32297.5,32492.1,32686.6,32219.7,2310000
3/12/2020,32375.3,32336.4,32608.8,32219.7,2310000
4/12/2020,32414.2,32375.3,32920.1,32297.5,3220000
7/12/2020,33464.9,32686.6,33620.5,32569.9,5180000
8/12/2020,33231.4,33698.4,33698.4,33036.8,2710000
9/12/2020,34087.5,33387.1,34243.1,33270.3,4630000
10/12/2020,34204.2,34087.5,34865.7,34009.7,4820000
11/12/2020,35644,34165.3,35644,33931.8,5740000
14/12/2020,36188.8,35916.4,36227.7,35682.9,3690000
15/12/2020,35877.5,35916.4,36577.9,35682.9,4300000
16/12/2020,36889.2,35877.5,36928.1,35877.5,3890000
17/12/2020,36110.9,36422.2,37044.8,36110.9,4900000
18/12/2020,36577.9,36344.4,36967,36110.9,3060000
21/12/2020,36928.1,37356.1,37356.1,36188.8,3110000
22/12/2020,36461.1,36928.1,36928.1,36266.6,3440000
23/12/2020,36266.6,36577.9,36967,36110.9,2650000
24/12/2020,35410.5,36266.6,36422.2,34165.3,3940000
25/12/2020,36266.6,35410.5,36344.4,35021.4,1970000
28/12/2020,36928.1,36539,37356.1,36422.2,3970000
29/12/2020,37628.5,36811.4,37862,36811.4,3810000
30/12/2020,37395.1,37667.4,37978.7,37356.1,1810000
31/12/2020,37909.5,37395,37909.5,37197.2,1690000
4/1/2021,38186.5,37790.8,38344.8,37790.8,2510000
5/1/2021,37909.5,37909.5,38067.8,37711.6,2710000
6/1/2021,38621.8,38226,40046.3,37632.5,4620000
7/1/2021,38700.9,38621.8,39492.3,38384.3,2110000
8/1/2021,38384.3,39017.5,39017.5,38146.9,2560000
11/1/2021,38186.5,38384.3,38463.5,37909.5,3470000
12/1/2021,38582.2,38186.5,38780,37909.5,2750000
13/01/2021,38344.8,38621.8,38938.3,38305.2,2080000
14/01/2021,38661.3,38384.3,38780,37988.6,2400000
15/01/2021,38661.3,39017.5,39175.8,38661.3,3020000
18/01/2021,38503,38700.9,38780,38463.5,2120000
19/01/2021,35812.2,38463.5,38463.5,35812.2,3400000
20/01/2021,36010,35812.2,36801.5,33635.8,2900000
21/01/2021,36801.5,36089.2,36801.5,35772.6,1690000
22/01/2021,35812.2,36801.5,36841,35693.5,2780000
25/01/2021,35297.8,35614.3,35772.6,35139.5,1730000
26/01/2021,33675.3,35099.9,35099.9,33081.7,2310000
27/01/2021,32686,33675.3,34348,32132,2640000
28/01/2021,30430.5,30865.7,31657.2,30430.5,3390000
29/01/2021,31578,28887.2,32329.9,28887.2,2530000
1/2/2021,30944.9,31578,32448.6,30588.7,1940000
2/2/2021,31142.7,30786.6,31617.6,30509.6,3140000
3/2/2021,32725.6,31736.3,32844.3,31419.7,2330000
4/2/2021,32844.3,32765.2,32923.5,32369.5,1730000
5/2/2021,33081.7,32844.3,33319.2,32686,1610000
8/2/2021,31736.3,33081.7,33240,30905.3,2360000
9/2/2021,32290.3,32052.9,32606.9,31419.7,1820000
17/02/2021,33319.2,32329.9,33319.2,32329.9,1810000
18/02/2021,34348,33398.3,34427.2,33002.6,2940000
19/02/2021,34902,34031.5,35218.6,33912.8,2550000
22/02/2021,34625,34902,35218.6,34585.5,1920000
23/02/2021,34822.9,34625,34902,34189.8,1930000
24/02/2021,34071,34743.8,34981.2,33714.9,2060000
25/02/2021,33991.9,34150.2,34664.6,33398.3,2180000
26/02/2021,34506.3,33873.2,34585.5,33477.5,1740000
1/3/2021,34902,34506.3,35139.5,34506.3,2830000
2/3/2021,34862.5,35218.6,35297.8,34704.2,2670000
3/3/2021,34664.6,34862.5,34981.2,34585.5,1990000
4/3/2021,33833.6,34822.9,35020.8,33477.5,2630000
5/3/2021,33556.6,33833.6,34268.9,33240,2340000
8/3/2021,33596.2,34348,34348,33477.5,2010000
9/3/2021,33121.3,33556.6,33556.6,32844.3,3060000
10/3/2021,33240,33240,33398.3,32765.2,2590000
11/3/2021,34268.9,33794,34506.3,33675.3,2100000
12/3/2021,34308.5,34427.2,34585.5,34110.6,3190000
15/03/2021,34031.5,34427.2,34506.3,33873.2,3500000
16/03/2021,33556.6,34031.5,34189.8,33477.5,2800000
17/03/2021,34268.9,33635.8,34348,33200.5,5470000
18/03/2021,35614.3,34822.9,35851.8,34466.8,7130000
19/03/2021,35614.3,35614.3,35930.9,35376.9,3630000
22/03/2021,35337.3,35614.3,35614.3,35218.6,3220000
23/03/2021,34585.5,35218.6,35258.2,34110.6,5720000
24/03/2021,33358.8,34031.5,34268.9,33160.9,4200000
25/03/2021,33437.9,33635.8,33991.9,33200.5,2980000
26/03/2021,33319.2,33200.5,33556.6,32052.9,3080000
29/03/2021,33675.3,33635.8,33754.5,33358.8,1700000
30/03/2021,33912.8,34031.5,34071,33477.5,2900000
31/03/2021,33991.9,33991.9,34387.6,33873.2,2730000
1/4/2021,34783.3,34031.5,34822.9,34031.5,4660000
2/4/2021,35614.3,35139.5,36010,34862.5,7290000
5/4/2021,36049.6,36168.3,36326.6,35693.5,7510000
6/4/2021,36207.9,35930.9,36603.6,35653.9,5170000
7/4/2021,36049.6,36168.3,36207.9,35891.3,3280000
8/4/2021,35456,36168.3,36247.5,35376.9,5550000
9/4/2021,35060.3,35376.9,35456,34862.5,5650000
12/4/2021,35416.5,35218.6,35851.8,34902,6480000
13/04/2021,34545.9,35614.3,35693.5,34427.2,4970000
14/04/2021,34822.9,34427.2,35060.3,34031.5,3570000
15/04/2021,34071,34902,34981.2,34031.5,4660000
16/04/2021,33240,33912.8,34427.2,33121.3,5870000
19/04/2021,34031.5,33240,34110.6,33081.7,4020000
20/04/2021,34189.8,34110.6,34822.9,33991.9,3370000
22/04/2021,32448.6,34189.8,34189.8,32448.6,3680000
23/04/2021,33240,32448.6,33358.8,32329.9,3870000
26/04/2021,32052.9,33042.2,33240,32052.9,4190000
27/04/2021,31934.2,32052.9,32290.3,31815.5,2490000
28/04/2021,32132,31934.2,32369.5,31934.2,1730000
29/04/2021,32448.6,32132,33160.9,32132,2450000
4/5/2021,32686,31657.2,33081.7,31657.2,2730000
5/5/2021,33160.9,33002.6,33517,32844.3,3390000
6/5/2021,32646.5,33160.9,33160.9,32606.9,2820000
7/5/2021,32171.6,32132,32606.9,32052.9,4660000
10/5/2021,32765.2,32052.9,32844.3,31934.2,3810000
11/5/2021,33319.2,33240,34427.2,33081.7,6730000
12/5/2021,33754.5,33240,33794,33081.7,4190000
13/05/2021,33714.9,33635.8,34348,33240,4380000
14/05/2021,33517,33873.2,34031.5,33477.5,3430000
17/05/2021,33081.7,33635.8,34031.5,33002.6,3760000
18/05/2021,32369.5,33002.6,33002.6,32290.3,4910000
19/05/2021,32369.5,32448.6,32765.2,32132,3610000
20/05/2021,33121.3,32369.5,33160.9,31657.2,4400000
21/05/2021,35416.5,33240,35416.5,33121.3,16380000
24/05/2021,36405.8,36010,36722.3,36010,8800000
25/05/2021,36959.8,36405.8,37078.5,35970.5,7960000
26/05/2021,36920.2,36959.8,37276.3,36564,9270000
27/05/2021,35930.9,37038.9,37038.9,35653.9,7370000
28/05/2021,37315.9,36089.2,37751.2,35535.2,9880000
31/05/2021,38542.6,37830.3,38621.8,37592.9,7040000
1/6/2021,37988.6,38661.3,38780,37988.6,5150000
2/6/2021,37513.8,37434.6,37949,37355.5,7600000
3/6/2021,38621.8,37830.3,39175.8,37513.8,8450000
4/6/2021,38780,38542.6,39175.8,37988.6,7470000
7/6/2021,37038.9,38384.3,38463.5,36089.2,6630000
8/6/2021,35456,37118,37355.5,35376.9,7150000
9/6/2021,35970.5,35614.3,36168.3,34822.9,5600000
10/6/2021,34743.8,35970.5,36089.2,34743.8,5610000
11/6/2021,35772.6,34822.9,35812.2,34427.2,8040000
14/06/2021,35535.2,36010,36089.2,35337.3,4270000
15/06/2021,35535.2,35416.5,35733,34822.9,4100000
16/06/2021,35851.8,35376.9,36959.8,34981.2,5300000
17/06/2021,36326.6,35297.8,36682.8,35297.8,4500000
18/06/2021,36524.5,36603.6,36801.5,36168.3,4020000
21/06/2021,35614.3,36326.6,36405.8,35495.6,5330000
22/06/2021,35614.3,35851.8,35970.5,35535.2,3500000
23/06/2021,35930.9,35535.2,36722.3,35535.2,3240000
24/06/2021,35772.6,35930.9,36326.6,35614.3,2650000
25/06/2021,36049.6,35693.5,36405.8,35376.9,3240000
28/06/2021,37118,36405.8,37276.3,36128.8,8410000
29/06/2021,37118,37197.2,37909.5,36880.6,4960000
30/06/2021,37395,37118,37553.3,37078.5,5030000
1/7/2021,37434.6,37592.9,37711.6,37078.5,5790000
2/7/2021,37236.8,37592.9,37790.8,37118,5290000
5/7/2021,36920.2,37236.8,37236.8,35772.6,4390000
6/7/2021,34822.9,37118,38463.5,34822.9,8670000
7/7/2021,36010,35218.6,36128.8,34506.3,4960000
8/7/2021,36247.5,36010,36524.5,35574.8,2680000
9/7/2021,35535.2,35772.6,36405.8,34822.9,4510000
12/7/2021,33240,35297.8,35297.8,33081.7,7570000
13/07/2021,33556.6,33635.8,33833.6,32883.9,2490000
14/07/2021,33714.9,33635.8,33794,32448.6,2250000
15/07/2021,33794,33279.6,34150.2,33240,2260000
16/07/2021,33635.8,33873.2,34031.5,33635.8,1780000
19/07/2021,31380.2,32527.7,33160.9,31380.2,3720000
20/07/2021,32448.6,31419.7,32448.6,30786.6,3410000
21/07/2021,32211.2,32765.2,32765.2,32052.9,1460000
22/07/2021,32448.6,32132,32527.7,32132,2140000
23/07/2021,31815.5,32369.5,32844.3,31815.5,2290000
26/07/2021,31657.2,31657.2,31934.2,31261.5,1810000
27/07/2021,31815.5,31973.7,32290.3,31775.9,1800000
28/07/2021,32052.9,31815.5,32052.9,31657.2,1550000
29/07/2021,32448.6,32290.3,32448.6,32132,1480000
30/07/2021,32527.7,32686,32725.6,32409,2560000
2/8/2021,33675.3,33240,33991.9,33240,4980000
3/8/2021,34308.5,33477.5,34308.5,33319.2,3480000
4/8/2021,34031.5,34348,34427.2,33794,2690000
5/8/2021,33991.9,33714.9,34427.2,33477.5,2660000
6/8/2021,33952.3,33991.9,34348,33714.9,2350000
9/8/2021,34150.2,33675.3,34150.2,33517,2190000
10/8/2021,34268.9,34229.3,34427.2,34071,2350000
11/8/2021,34110.6,34268.9,34902,33952.3,3450000
12/8/2021,33873.2,34308.5,34348,33873.2,2150000
13/08/2021,33675.3,33754.5,34031.5,33081.7,2900000
16/08/2021,34268.9,33517,34427.2,33240,4130000
17/08/2021,33991.9,34506.3,34506.3,33873.2,1970000
18/08/2021,33754.5,33952.3,34031.5,33635.8,1900000
19/08/2021,33635.8,33714.9,33714.9,33358.8,2270000
20/08/2021,32052.9,33714.9,33952.3,31657.2,5490000
23/08/2021,31103.2,32052.9,32290.3,31103.2,3450000
24/08/2021,31182.3,31103.2,31419.7,30786.6,3200000
25/08/2021,31221.9,31261.5,31301,30865.7,1390000
26/08/2021,30549.2,31380.2,31380.2,30074.3,2570000
27/08/2021,30628.3,30470,30865.7,29916,2400000
30/08/2021,31221.9,30865.7,31261.5,30707.5,1770000
31/08/2021,30826.2,31340.6,31340.6,30826.2,2280000
1/9/2021,30865.7,30707.5,30944.9,30588.7,1710000
6/9/2021,30944.9,30905.3,31261.5,30826.2,1720000
7/9/2021,31419.7,31103.2,31815.5,30984.5,2150000
8/9/2021,31340.6,31815.5,31973.7,31261.5,1790000
9/9/2021,31498.9,31340.6,31498.9,31301,1060000
10/9/2021,31380.2,31657.2,31657.2,31340.6,998400
13/09/2021,30984.5,31380.2,31380.2,30865.7,2180000
14/09/2021,30628.3,30944.9,30984.5,30549.2,1780000
15/09/2021,30707.5,30549.2,30865.7,30549.2,1330000
16/09/2021,31182.3,30944.9,31261.5,30905.3,1840000
17/09/2021,31657.2,31340.6,32013.3,31340.6,2240000
20/09/2021,31578,31696.7,31894.6,31578,2460000
21/09/2021,31380.2,31261.5,31498.9,31024,1920000
22/09/2021,31340.6,31340.6,31578,30944.9,1590000
23/09/2021,31221.9,31498.9,31578,31221.9,1360000
24/09/2021,31419.7,31261.5,31498.9,31221.9,1210000
27/09/2021,31182.3,31419.7,31736.3,31024,1520000
28/09/2021,31736.3,31182.3,31934.2,31024,2750000
29/09/2021,31578,31696.7,31696.7,31103.2,1490000
30/09/2021,31221.9,31538.5,31657.2,31142.7,1380000
1/10/2021,30707.5,31103.2,31221.9,30707.5,2090000
4/10/2021,30786.6,30747,31340.6,30470,1330000
5/10/2021,31103.2,30865.7,31301,30865.7,918200
6/10/2021,31182.3,31261.5,31657.2,31103.2,1020000
7/10/2021,30984.5,31182.3,31261.5,30984.5,1280000
8/10/2021,31024,30984.5,31182.3,30984.5,1230000
11/10/2021,31657.2,31340.6,31657.2,31182.3,2210000
12/10/2021,31855,31815.5,32250.7,31696.7,2500000
13/10/2021,31578,31894.6,32013.3,31340.6,1790000
14/10/2021,31301,31578,31617.6,31301,1330000
15/10/2021,31261.5,31301,31538.5,31261.5,1390000
18/10/2021,31103.2,31261.5,31696.7,30865.7,2260000
19/10/2021,31696.7,31103.2,32092.5,30865.7,2780000
20/10/2021,31459.3,31696.7,31815.5,31103.2,1360000
21/10/2021,31261.5,31459.3,31578,31261.5,795100
22/10/2021,31103.2,31261.5,31419.7,31103.2,1330000
25/10/2021,31024,31340.6,31340.6,31024,1120000
26/10/2021,31024,31024,31182.3,30984.5,688200
27/10/2021,31578,31063.6,31617.6,31063.6,1780000
28/10/2021,31538.5,31657.2,31815.5,31419.7,1560000
29/10/2021,32844.3,31657.2,33002.6,31578,4690000
1/11/2021,33081.7,33240,33319.2,32923.5,4140000
2/11/2021,33200.5,33081.7,33635.8,32923.5,1920000
3/11/2021,34071,33477.5,34902,33240,7050000
4/11/2021,34822.9,34150.2,35020.8,33794,5510000
5/11/2021,34506.3,34822.9,35139.5,34229.3,2440000
8/11/2021,34743.8,34506.3,35139.5,34150.2,3380000
9/11/2021,34031.5,34822.9,34941.6,34031.5,3200000
10/11/2021,34031.5,34110.6,34427.2,33517,2690000
11/11/2021,33873.2,34348,34427.2,33398.3,3070000
12/11/2021,34189.8,33517,34268.9,33517,2360000
15/11/2021,33873.2,34308.5,34427.2,33240,1920000
16/11/2021,33873.2,33794,34110.6,33596.2,1590000
17/11/2021,34506.3,33754.5,34664.6,33596.2,3070000
18/11/2021,35218.6,34822.9,35535.2,34348,4420000
19/11/2021,35139.5,35258.2,36445.3,33240,5100000
22/11/2021,36049.6,35139.5,36564,34822.9,6220000
23/11/2021,35376.9,36010,36010,34981.2,2260000
24/11/2021,36445.3,35574.8,36484.9,35297.8,5190000
25/11/2021,35891.3,36722.3,36722.3,35851.8,3380000
26/11/2021,35970.5,36484.9,36564,34822.9,5200000
29/11/2021,35218.6,35218.6,35614.3,34902,4100000
30/11/2021,35139.5,35535.2,36128.8,34506.3,3200000
1/12/2021,35060.3,35139.5,35376.9,34585.5,2210000
2/12/2021,34981.2,35020.8,35930.9,34822.9,1720000
3/12/2021,33240,35218.6,35218.6,33240,2770000
6/12/2021,33200.5,34031.5,34031.5,32963,3590000
7/12/2021,34506.3,33279.6,34625,33279.6,2080000
8/12/2021,34822.9,34585.5,35060.3,34387.6,1440000
9/12/2021,34822.9,34783.3,34941.6,34466.8,1230000
10/12/2021,35297.8,35060.3,35772.6,35060.3,2600000
13/12/2021,36010,36010,36247.5,35693.5,3120000
14/12/2021,35851.8,36168.3,36168.3,35772.6,2150000
15/12/2021,35535.2,35772.6,36010,35416.5,1790000
16/12/2021,35535.2,35614.3,35614.3,34822.9,2110000
17/12/2021,35535.2,35535.2,36010,34902,2330000
20/12/2021,35297.8,35456,35574.8,35218.6,1550000
21/12/2021,34664.6,35218.6,35337.3,34664.6,3510000
22/12/2021,34268.9,34822.9,35020.8,33991.9,3560000
23/12/2021,34500,34800,34900,33700,2320000
24/12/2021,35000,34500,35400,34500,1530000
27/12/2021,35300,35200,35500,35000,1200000
28/12/2021,35200,35500,35500,34900,1360000
29/12/2021,35200,35550,35550,35100,1580000
30/12/2021,35400,35400,35700,35200,987000
31/12/2021,37100,35600,37700,35500,4860000
4/1/2022,37400,37600,38000,37250,1770000
5/1/2022,37050,37900,37900,36900,1920000
6/1/2022,38000,36500,38800,36250,6000000
7/1/2022,39200,38650,39450,37650,4370000
10/1/2022,38850,39200,40300,38800,3180000
11/1/2022,39400,38800,39900,38300,4280000
12/1/2022,42150,39400,42150,39400,8030000
13/01/2022,44000,42500,45100,42500,9660000
14/01/2022,44250,43300,45100,43300,3270000
17/01/2022,43650,44000,47000,43600,7740000
18/01/2022,44900,43400,45450,43400,4850000
19/01/2022,43650,45050,45800,43550,2970000
20/01/2022,46700,43100,46700,42250,5640000
21/01/2022,47350,47050,48800,46500,4570000
24/01/2022,46900,46900,48500,46850,4170000
25/01/2022,49000,46300,49000,45900,4700000
26/01/2022,48100,49500,49950,48100,4050000
27/01/2022,47600,48000,48500,47400,1920000
28/01/2022,47950,47600,49000,47300,2960000
7/2/2022,47400,48400,48600,47200,3480000
8/2/2022,47350,47400,48400,46500,2670000
9/2/2022,48400,47300,48900,47000,4560000
10/2/2022,48400,48600,48900,48000,2740000
11/2/2022,47900,48200,48500,47800,1720000
14/02/2022,44750,47200,47600,44750,7130000
15/02/2022,46200,44850,46300,44400,3690000
16/02/2022,45150,46100,46100,44700,2800000
17/02/2022,46000,45700,46000,44700,1790000
18/02/2022,44700,45450,46050,44700,3000000
21/02/2022,45250,44800,45450,43700,2960000
22/02/2022,46000,44900,46000,44700,2290000
23/02/2022,45600,46500,46900,45500,2950000
24/02/2022,44600,45300,45550,43600,3390000
25/02/2022,44550,44600,45600,44500,2350000
28/02/2022,43700,44300,44550,43700,2700000
1/3/2022,44100,43750,45000,43600,2400000
2/3/2022,42450,43700,44000,42350,3090000
3/3/2022,42800,42350,43200,42000,2470000
4/3/2022,43300,42800,43500,42500,1660000
7/3/2022,42250,42800,42800,42150,2270000
8/3/2022,41600,41800,42550,41400,2590000
9/3/2022,40500,41600,41900,40500,1970000
10/3/2022,40950,41500,42000,40950,1560000
11/3/2022,41850,40950,41850,40950,1480000
14/03/2022,41300,41850,42200,41300,1340000
15/03/2022,42100,41300,42200,41000,1520000
16/03/2022,41600,42300,42300,41500,1330000
17/03/2022,43500,42200,44250,41000,5820000
18/03/2022,43900,43700,44600,43500,2790000
21/03/2022,43800,43900,44100,43300,1280000
22/03/2022,43500,43800,43950,43200,2830000
23/03/2022,43400,43450,44400,43150,2000000
24/03/2022,43100,43400,43450,43000,1290000
25/03/2022,43450,43150,43850,42600,1970000
28/03/2022,41600,43000,43450,41450,3980000
29/03/2022,42400,41700,42500,41500,1730000
30/03/2022,43550,42100,45000,41700,3510000
31/03/2022,43500,43750,43950,43400,1440000
1/4/2022,44350,43500,44500,43400,3170000
4/4/2022,44250,44950,44950,44250,2080000
5/4/2022,43300,43500,43800,43150,2910000
6/4/2022,43500,43000,43800,42650,3240000
7/4/2022,43050,43500,44350,43050,3150000
8/4/2022,41900,43000,43200,41800,3150000
12/4/2022,40450,42300,42300,40450,3190000
13/04/2022,40900,40500,41400,40100,2000000
14/04/2022,40500,41400,41400,40500,1890000
15/04/2022,39300,40600,41200,39000,2510000
18/04/2022,37950,39550,39700,37800,2820000
19/04/2022,37950,38350,39200,37500,2320000
20/04/2022,37950,37950,38800,37850,1460000
21/04/2022,38500,37900,38750,37650,2090000
22/04/2022,38500,38600,39100,38000,2630000
25/04/2022,35850,38500,38600,35850,2950000
26/04/2022,36900,35150,37250,35150,1860000
27/04/2022,37200,37000,37500,36450,748100
28/04/2022,36700,37200,37200,36700,974900
29/04/2022,37250,36850,37750,36800,1520000
4/5/2022,37250,37250,37700,36950,1560000
5/5/2022,38200,37600,38200,37000,1990000
6/5/2022,37000,37350,37850,37000,1580000
9/5/2022,34450,36600,36900,34450,2410000
10/5/2022,35800,34100,35900,33500,1730000
11/5/2022,36100,35750,36100,35050,862900
12/5/2022,33600,35400,35800,33600,1510000
13/05/2022,31800,33800,34000,31800,2350000
16/05/2022,32200,33200,33250,32200,1280000
17/05/2022,34450,32500,34450,32050,1120000
18/05/2022,34900,34900,35500,34200,1290000
19/05/2022,34650,34000,35000,33900,895100
20/05/2022,34500,34400,34900,34300,1130000
23/05/2022,33350,34400,34700,33000,1000000
24/05/2022,33750,33700,33850,33100,768000
25/05/2022,34900,34000,35100,34000,1070000
26/05/2022,35100,35600,35750,35000,1190000
27/05/2022,35300,35100,35400,34900,891000
30/05/2022,35750,35500,35850,35200,1090000
31/05/2022,35300,35500,35600,35000,1030000
1/6/2022,35150,35100,35550,34950,1070000
2/6/2022,34700,35150,35200,34500,905200
3/6/2022,34350,34700,34750,34000,570700
6/6/2022,34200,34350,34650,33800,918800
7/6/2022,33600,34100,34200,33100,1170000
8/6/2022,34300,33700,34800,33650,982900
9/6/2022,34500,34350,34750,34100,394400
10/6/2022,33800,34050,34300,33800,786000
13/06/2022,31950,33050,33350,31950,1450000
14/06/2022,32300,31900,32800,31100,1180000
15/06/2022,32000,32000,32500,31000,1370000
16/06/2022,32300,32000,32800,32000,1290000
17/06/2022,31600,31950,31950,31200,1220000
20/06/2022,29500,31700,31800,29500,972600
21/06/2022,30300,29100,30650,28950,1400000
22/06/2022,30500,30300,31600,29800,1530000
23/06/2022,31000,30500,31000,30050,422300
24/06/2022,31200,31200,32250,31100,1330000
27/06/2022,31750,31300,31800,31150,826300
28/06/2022,33650,31600,33950,31600,2410000
29/06/2022,34900,33000,34900,33000,2340000
30/06/2022,33500,35000,35000,33500,1500000
1/7/2022,35050,32900,35700,32100,3520000
4/7/2022,35050,35500,35750,34900,1830000
5/7/2022,36300,35050,37500,35000,4930000
6/7/2022,35600,35800,36900,35500,2730000
7/7/2022,36300,35400,36650,34300,2820000
8/7/2022,35000,36400,36450,35000,1980000
11/7/2022,34500,34900,35150,33000,2060000
12/7/2022,36400,34350,36500,34200,1670000
13/07/2022,36050,36200,37200,35800,2660000
14/07/2022,36150,35800,36900,35750,1500000
15/07/2022,35800,36100,36750,35800,1390000
18/07/2022,35500,36000,36000,35400,1700000
19/07/2022,35650,35500,35850,35000,976900
20/07/2022,36400,36200,36900,35950,1590000
21/07/2022,36500,36200,36850,36200,1520000
22/07/2022,35500,36900,36900,35500,1250000
25/07/2022,35400,35500,35900,34800,1200000
26/07/2022,35550,35800,36000,35500,885800
27/07/2022,35550,35550,35650,35000,725200
28/07/2022,36500,36000,36850,35700,2050000
29/07/2022,37300,36700,37900,36650,4170000
1/8/2022,39000,37400,39000,37300,3370000
2/8/2022,38500,38600,39000,38200,1950000
3/8/2022,39300,37950,39300,37900,2150000
4/8/2022,39300,39300,39650,38500,2420000
5/8/2022,39000,39200,39200,38500,1030000
8/8/2022,38800,39000,39250,38700,987900
9/8/2022,38650,38800,39200,38600,1570000
10/8/2022,38400,38500,38800,38400,987000
11/8/2022,38300,39000,39300,38200,1740000
12/8/2022,39200,38300,39200,38150,1640000
15/08/2022,41000,39300,41150,39300,3770000
16/08/2022,40500,40950,41100,40500,981400
17/08/2022,40000,40500,40600,40000,1390000
18/08/2022,39600,39700,40100,39600,1480000
19/08/2022,39350,39550,40000,39200,1450000
22/08/2022,38450,39350,39350,38350,1760000
23/08/2022,39500,38350,39500,38200,1730000
24/08/2022,39300,39700,39800,38950,969800
25/08/2022,39300,39000,39500,38950,1270000
26/08/2022,39400,39300,40150,39300,2010000
29/08/2022,39000,38600,39300,38150,1350000
30/08/2022,39800,39050,40450,39000,2330000
31/08/2022,40000,39800,40200,39600,1620000
5/9/2022,39500,40000,40050,39250,803800
6/9/2022,40050,39500,40550,39450,1780000
7/9/2022,37800,39900,39900,37800,3010000
8/9/2022,36700,37900,38350,36600,2190000
9/9/2022,37000,36700,37100,36150,1110000
12/9/2022,36900,37000,37500,36800,937800
13/09/2022,36800,36900,37250,36650,840200
14/09/2022,36500,36000,36500,35950,933100
15/09/2022,35750,36500,36800,35650,1950000
16/09/2022,35500,36000,36200,35500,974900
19/09/2022,34200,35450,35450,34100,1280000
20/09/2022,35150,34300,35250,34300,1120000
21/09/2022,34750,34800,35100,34750,495400
22/09/2022,35150,34550,35300,34450,977300
23/09/2022,34750,35600,35600,34500,785400
26/09/2022,33400,34100,34250,32400,2020000
27/09/2022,33700,33500,34050,33000,607300
28/09/2022,33500,33700,33900,33350,777900
29/09/2022,33500,34000,34100,33450,1000000
30/09/2022,33900,32800,33900,32300,1820000
3/10/2022,31550,33100,33600,31550,1570000
4/10/2022,31000,32000,32050,30900,1200000
5/10/2022,31800,31800,32000,31300,516100
6/10/2022,31000,31950,31950,31000,915800
7/10/2022,29200,30500,30600,28900,1720000
10/10/2022,30000,28150,30450,28000,1000000
11/10/2022,28500,30000,30000,28500,907900
12/10/2022,30450,29000,30450,28700,1480000
13/10/2022,32450,30550,32450,30450,1410000
14/10/2022,33000,33000,33200,32600,1720000
17/10/2022,32700,32950,32950,31700,1090000
18/10/2022,32800,33000,33450,32700,882400
19/10/2022,33000,32800,33500,32400,753300
20/10/2022,33150,32600,34000,32500,1480000
21/10/2022,32600,33150,33150,32100,1660000
24/10/2022,30350,32950,32950,30350,1370000
25/10/2022,31300,30000,32450,29300,1460000
26/10/2022,31700,31500,32500,31300,684000
27/10/2022,33900,31800,33900,31800,2030000
28/10/2022,33800,34300,34950,33800,2110000
31/10/2022,34550,33800,34850,33700,2660000
1/11/2022,34050,34600,35150,34000,1620000
2/11/2022,33700,34050,34350,33550,1330000
3/11/2022,33000,33150,33800,33000,1130000
4/11/2022,33300,33000,33650,31550,2380000
7/11/2022,33300,32800,34100,32800,1580000
8/11/2022,34900,33000,35000,33000,3080000
9/11/2022,36150,35100,36800,35050,4500000
10/11/2022,34700,35950,35950,33650,2500000
11/11/2022,36000,36000,36500,35400,2170000
14/11/2022,35900,35600,36900,34900,1330000
15/11/2022,33400,35000,35750,33400,1890000
16/11/2022,35700,31900,35700,31550,1600000
17/11/2022,35650,36200,36500,35500,1490000
18/11/2022,35950,35650,36050,34000,1380000
21/11/2022,35500,36500,36500,35500,1290000
22/11/2022,36450,34600,36750,34600,2110000
23/11/2022,37400,36400,38000,35950,2420000
24/11/2022,38000,37200,38400,36800,1790000
25/11/2022,40000,38400,40000,38200,2560000
28/11/2022,39500,40000,40600,39000,2610000
29/11/2022,41000,39500,41000,38850,2550000
30/11/2022,41100,41000,42300,39500,2050000
1/12/2022,39000,41100,41500,39000,1940000
2/12/2022,41200,39000,41300,38950,1500000
5/12/2022,41250,41400,42000,40550,1670000
6/12/2022,39100,41100,41100,39100,2670000
7/12/2022,39000,39500,39500,38500,1800000
8/12/2022,39000,39200,41200,38800,2730000
9/12/2022,39200,38900,39500,38300,1620000
12/12/2022,38100,39400,39900,38100,1980000
13/12/2022,38700,38050,39500,38050,1710000
14/12/2022,38800,39700,39700,38800,659400
15/12/2022,39000,38600,39850,38600,1460000
16/12/2022,38900,38650,39500,38650,1000000
19/12/2022,38800,38800,40500,38800,1920000
20/12/2022,38500,38800,39000,37500,1650000
21/12/2022,38600,38850,39600,38450,1430000
22/12/2022,39000,38850,39900,38750,1340000
23/12/2022,39000,39500,39500,39000,690600
26/12/2022,38800,39000,39100,38750,1260000
27/12/2022,40000,38800,40000,38700,1500000
28/12/2022,41900,40100,42400,39600,3690000
29/12/2022,40000,42000,42100,40000,1270000
30/12/2022,38600,40250,41500,38600,2620000
3/1/2023,41200,39300,41200,39050,1730000
4/1/2023,40800,41200,42200,40400,2070000
5/1/2023,40750,41000,41100,40250,1180000
6/1/2023,41650,40750,42450,40600,3400000
9/1/2023,41000,42200,42200,40850,1330000
10/1/2023,41300,41600,41700,40750,924000
11/1/2023,41250,41600,42200,40900,1530000
12/1/2023,41450,41350,41950,41000,708200
13/01/2023,41800,41600,42200,41600,1630000
16/01/2023,44700,42000,44700,41950,4740000
17/01/2023,44950,45000,45300,44600,1500000
18/01/2023,45100,44900,45550,44800,1830000
19/01/2023,45950,45100,46300,44950,1660000
27/01/2023,44550,46500,46600,44500,1730000
30/01/2023,44500,44000,44900,44000,1210000
31/01/2023,45100,44250,45100,43550,1640000
1/2/2023,42800,45350,45500,42600,2510000
2/2/2023,43150,42750,43600,42100,2860000
3/2/2023,43350,43500,43800,43150,1380000
6/2/2023,45000,43300,45000,42900,1750000
7/2/2023,43800,45000,45350,43700,1570000
8/2/2023,44500,43900,45250,43900,1800000
9/2/2023,44000,44500,45000,44000,1180000
10/2/2023,42950,44400,44550,42950,1400000
13/02/2023,44400,42950,44400,42950,1590000
14/02/2023,43400,44500,44500,43300,1330000
15/02/2023,44000,43150,44450,43150,604600
16/02/2023,45000,44700,45000,44000,1070000
17/02/2023,45800,45000,45800,44950,1490000
20/02/2023,47200,45800,47350,45800,1510000
21/02/2023,46250,47200,47300,46250,996600
22/02/2023,45000,45850,46000,45000,994100
23/02/2023,45550,44950,45550,43700,1280000
24/02/2023,44600,45050,45550,44400,497900
27/02/2023,44250,44500,44500,43600,939200
28/02/2023,44100,44250,44600,44050,257600
1/3/2023,45650,44000,45650,43800,740900
2/3/2023,46400,45650,46500,45400,976200
3/3/2023,45900,46400,46500,45250,735400
6/3/2023,45800,45900,47000,45300,864900
7/3/2023,46900,45500,47100,45500,1630000
8/3/2023,48000,46400,48000,45900,1230000
9/3/2023,47650,48000,48000,47050,1170000
10/3/2023,47150,47450,47450,46950,862200
13/03/2023,46250,46600,46900,46250,933700
14/03/2023,45050,46100,46350,44750,1440000
15/03/2023,46800,46000,47400,45450,628400
16/03/2023,46250,46050,46900,46050,875700
17/03/2023,46300,47000,47000,46000,310700
20/03/2023,45350,46000,46000,45000,585800
21/03/2023,45350,45400,45750,44800,741600
22/03/2023,46100,45750,46200,45450,560800
23/03/2023,45900,45300,46000,45300,414900
24/03/2023,45550,45900,46300,45500,364600
27/03/2023,46000,45550,46150,45000,672200
28/03/2023,46000,46500,46800,46000,504000
29/03/2023,46200,46000,46350,45550,303100
30/03/2023,46200,46250,46600,46200,699700
31/03/2023,46200,46200,47000,46050,643700
3/4/2023,45900,46650,46800,45800,1260000
4/4/2023,46000,45900,46150,45700,889600
5/4/2023,45500,46000,46300,45300,1360000
6/4/2023,46000,45500,46500,45300,1510000
7/4/2023,45650,45750,46000,45500,731900
10/4/2023,44700,45800,45800,44700,1810000
11/4/2023,44400,44450,44650,44150,1230000
12/4/2023,44400,44500,44800,44200,775500
13/04/2023,44950,44400,45000,44400,779000
14/04/2023,44450,45000,45000,44450,618700
17/04/2023,45000,44450,45100,44400,716600
18/04/2023,44600,44800,45000,44300,639700
19/04/2023,44400,44750,44750,44200,452100
20/04/2023,44600,44350,44600,44150,256900
21/04/2023,44200,44600,44600,44200,354500
24/04/2023,43700,44200,44200,43700,462900
25/04/2023,43550,43600,43900,43150,539200
26/04/2023,44100,43500,44300,43200,405100
27/04/2023,43900,44100,44100,43500,163100
28/04/2023,43500,43950,44100,43500,414600
4/5/2023,43750,43500,44200,43300,376500
5/5/2023,43450,43800,43850,43450,296500
8/5/2023,44700,43550,45500,43550,1130000
9/5/2023,45100,44700,45350,44700,650900
10/5/2023,45000,45300,45300,44500,595000
11/5/2023,45000,45000,45250,44800,510500
12/5/2023,45000,45000,45100,44550,428300
15/05/2023,44900,46000,46000,44900,435500
16/05/2023,45000,45100,45100,44750,429200
17/05/2023,44800,45000,45100,44800,865900
18/05/2023,44650,44900,44950,44500,514700
19/05/2023,44400,44600,44950,44300,603200
22/05/2023,44400,44400,44950,44400,607800
23/05/2023,43850,44900,44900,43850,753500
24/05/2023,43500,44000,44000,43500,767100
25/05/2023,43750,43500,44000,43450,655400
26/05/2023,43400,44100,44100,43400,544800
29/05/2023,43900,43950,43950,43400,668100
30/05/2023,43800,44000,44000,43600,800800
31/05/2023,44000,43800,44000,43550,770800
1/6/2023,43700,44000,44000,43650,589500
